file,x1,y1,w,h,identity
006829.jpg,77,30,70,97,3699
008172.jpg,112,15,75,104,3699
013338.jpg,69,13,107,148,3699
014786.jpg,262,58,151,209,3699
017820.jpg,213,19,174,241,3699
019064.jpg,107,33,57,90,3699
019250.jpg,1,24,109,151,3699
026575.jpg,36,21,70,97,3699
029666.jpg,227,66,143,198,3699
043910.jpg,36,16,75,104,3699
045997.jpg,27,28,62,86,3699
054916.jpg,18,23,107,148,3699
060247.jpg,160,40,73,140,3699
066311.jpg,109,20,213,295,3699
067200.jpg,27,24,127,176,3699
077833.jpg,184,58,61,115,3699
080638.jpg,31,13,70,97,3699
091116.jpg,76,38,164,227,3699
092890.jpg,67,55,218,302,3699
096060.jpg,196,65,91,126,3699
097331.jpg,42,9,73,101,3699
105344.jpg,76,67,177,245,3699
109201.jpg,200,44,211,292,3699
111719.jpg,62,13,107,148,3699
125720.jpg,99,23,135,187,3699
131620.jpg,230,54,86,119,3699
133859.jpg,44,26,68,94,3699
136497.jpg,53,19,96,128,3699
141543.jpg,183,49,81,112,3699
141663.jpg,34,26,62,86,3699
146084.jpg,223,28,109,151,3699
158924.jpg,4,41,73,101,3699
162643.jpg,29,22,125,173,3699
005950.jpg,76,83,182,252,8968
014689.jpg,74,46,125,173,8968
016992.jpg,98,34,104,144,8968
021316.jpg,137,63,86,119,8968
026052.jpg,159,55,179,248,8968
027584.jpg,152,84,164,227,8968
030741.jpg,124,57,122,169,8968
031911.jpg,73,86,174,241,8968
047987.jpg,40,78,263,364,8968
050894.jpg,213,21,112,155,8968
051575.jpg,102,70,172,238,8968
053221.jpg,64,84,156,216,8968
060483.jpg,202,32,107,148,8968
062607.jpg,62,65,198,274,8968
068665.jpg,103,80,177,245,8968
073142.jpg,83,60,161,223,8968
079337.jpg,93,80,218,302,8968
082528.jpg,167,38,143,198,8968
086145.jpg,79,71,169,234,8968
096223.jpg,113,47,146,202,8968
100603.jpg,182,55,159,220,8968
100938.jpg,138,54,146,202,8968
105091.jpg,174,29,203,281,8968
114573.jpg,83,65,122,169,8968
116974.jpg,93,78,192,266,8968
120566.jpg,84,85,135,187,8968
127124.jpg,123,88,169,234,8968
134236.jpg,76,91,169,234,8968
139422.jpg,154,54,127,176,8968
140742.jpg,123,55,156,216,8968
156364.jpg,69,44,164,227,8968
159983.jpg,54,67,203,281,8968
163292.jpg,200,78,213,295,3227
163342.jpg,136,101,78,108,3227
163433.jpg,117,26,75,104,3227
164055.jpg,95,70,255,353,3227
164502.jpg,334,26,112,155,3227
164865.jpg,111,33,114,158,3227
166481.jpg,186,26,91,126,3227
168160.jpg,82,26,104,144,3227
169332.jpg,52,12,130,180,3227
170261.jpg,138,43,104,144,3227
170771.jpg,137,37,83,115,3227
171864.jpg,135,39,114,158,3227
172066.jpg,173,23,138,191,3227
172613.jpg,154,18,177,245,3227
172935.jpg,82,14,75,104,3227
172992.jpg,19,48,164,227,3227
176466.jpg,105,22,146,202,3227
176588.jpg,88,32,104,144,3227
176733.jpg,87,28,75,104,3227
177512.jpg,239,21,172,238,3227
177992.jpg,54,28,143,198,3227
178292.jpg,31,29,138,191,3227
178326.jpg,58,1,333,396,3227
178416.jpg,153,44,117,162,3227
178820.jpg,77,78,255,353,3227
178900.jpg,56,100,229,317,3227
179137.jpg,39,57,224,310,3227
179170.jpg,197,91,224,310,3227
179391.jpg,133,41,125,173,3227
180837.jpg,125,24,114,158,3227
181836.jpg,248,69,190,263,3227
000006.jpg,146,67,182,252,4153
005171.jpg,163,85,120,166,4153
005477.jpg,184,147,161,223,4153
009424.jpg,190,45,140,194,4153
012823.jpg,135,89,190,263,4153
013478.jpg,143,60,172,238,4153
018964.jpg,227,81,55,76,4153
019907.jpg,179,82,112,155,4153
023013.jpg,179,77,213,295,4153
049401.jpg,30,36,91,126,4153
049697.jpg,260,100,75,104,4153
070138.jpg,114,42,133,184,4153
073896.jpg,70,73,120,166,4153
075158.jpg,206,48,133,184,4153
075308.jpg,167,61,148,205,4153
076566.jpg,169,22,101,140,4153
085006.jpg,112,128,234,324,4153
103770.jpg,52,87,133,184,4153
105008.jpg,168,83,114,158,4153
107338.jpg,68,46,99,137,4153
114109.jpg,265,72,143,198,4153
116788.jpg,210,70,179,248,4153
120741.jpg,176,91,190,263,4153
123106.jpg,75,91,218,302,4153
138485.jpg,75,88,156,216,4153
139824.jpg,159,30,78,108,4153
141914.jpg,174,93,140,194,4153
147645.jpg,117,35,107,148,4153
152385.jpg,148,32,112,155,4153
161507.jpg,112,41,99,137,4153
000047.jpg,142,89,203,281,9177
004323.jpg,22,61,104,144,9177
004741.jpg,107,73,101,140,9177
007404.jpg,110,111,151,209,9177
008153.jpg,81,33,101,140,9177
018118.jpg,166,107,153,212,9177
024922.jpg,171,181,94,130,9177
028773.jpg,50,50,88,122,9177
030094.jpg,42,50,73,101,9177
042426.jpg,64,75,96,133,9177
043216.jpg,115,76,161,223,9177
045945.jpg,31,62,138,191,9177
047840.jpg,54,49,101,140,9177
058079.jpg,31,34,81,112,9177
064519.jpg,43,32,75,104,9177
073538.jpg,149,85,151,209,9177
080925.jpg,106,72,172,238,9177
084870.jpg,48,72,208,288,9177
085647.jpg,62,43,88,122,9177
106077.jpg,103,54,146,202,9177
109956.jpg,100,86,114,158,9177
125538.jpg,133,131,135,187,9177
126392.jpg,53,45,96,133,9177
126463.jpg,97,58,130,180,9177
126975.jpg,56,34,96,133,9177
130913.jpg,133,78,94,130,9177
137324.jpg,23,51,120,166,9177
151388.jpg,65,57,91,126,9177
156040.jpg,36,54,146,202,9177
156128.jpg,34,50,68,94,9177
000051.jpg,61,98,255,353,1446
001270.jpg,266,136,239,330,1446
002341.jpg,77,91,231,320,1446
004110.jpg,162,72,86,119,1446
009699.jpg,77,105,252,349,1446
013238.jpg,26,111,239,331,1446
016223.jpg,11,5,75,92,1446
017014.jpg,88,85,218,302,1446
021535.jpg,51,98,270,374,1446
034170.jpg,238,42,213,295,1446
043340.jpg,92,63,286,396,1446
049125.jpg,139,151,374,518,1446
056928.jpg,193,51,112,155,1446
068273.jpg,101,84,198,274,1446
068634.jpg,102,46,237,328,1446
070709.jpg,83,130,322,446,1446
072083.jpg,173,64,104,144,1446
090845.jpg,145,35,192,266,1446
097517.jpg,117,60,187,259,1446
104631.jpg,61,44,143,198,1446
116717.jpg,90,81,250,346,1446
117063.jpg,36,61,135,187,1446
118651.jpg,131,95,192,266,1446
126703.jpg,81,126,179,248,1446
137105.jpg,125,56,104,144,1446
137343.jpg,144,29,70,97,1446
140990.jpg,126,82,68,94,1446
146668.jpg,149,68,94,130,1446
149713.jpg,77,106,257,356,1446
152754.jpg,56,111,270,374,1446
000105.jpg,107,41,70,97,1946
001792.jpg,17,56,416,576,1946
007712.jpg,141,43,140,194,1946
009560.jpg,37,1,148,205,1946
014733.jpg,32,38,96,133,1946
015355.jpg,95,124,172,238,1946
016150.jpg,64,47,101,140,1946
016741.jpg,117,42,109,151,1946
022148.jpg,225,79,221,306,1946
035630.jpg,196,39,138,191,1946
035824.jpg,28,81,213,261,1946
036147.jpg,134,21,276,382,1946
047938.jpg,171,54,107,148,1946
069437.jpg,97,37,208,288,1946
070072.jpg,150,71,91,126,1946
072621.jpg,25,79,117,162,1946
074083.jpg,149,25,91,126,1946
076054.jpg,97,93,278,385,1946
079917.jpg,43,70,159,220,1946
083443.jpg,131,88,174,241,1946
090154.jpg,146,22,73,101,1946
098985.jpg,199,223,263,364,1946
110052.jpg,57,76,226,303,1946
123150.jpg,144,69,83,115,1946
131019.jpg,81,74,242,335,1946
131621.jpg,101,49,101,140,1946
133431.jpg,163,146,211,260,1946
134950.jpg,100,33,242,335,1946
157800.jpg,154,49,164,227,1946
161375.jpg,117,39,169,234,1946
000114.jpg,157,62,182,252,7256
000825.jpg,137,137,265,367,7256
009399.jpg,200,98,351,486,7256
011760.jpg,332,74,263,364,7256
012577.jpg,111,104,211,292,7256
022967.jpg,69,86,260,360,7256
023155.jpg,123,83,234,324,7256
033367.jpg,353,42,104,144,7256
035299.jpg,117,183,395,547,7256
038317.jpg,211,95,75,104,7256
054382.jpg,507,44,146,202,7256
061983.jpg,156,11,335,413,7256
072895.jpg,106,102,156,216,7256
089654.jpg,69,57,153,212,7256
090091.jpg,168,73,94,130,7256
092140.jpg,141,64,81,112,7256
095972.jpg,311,64,104,144,7256
097096.jpg,176,211,312,432,7256
106860.jpg,204,81,294,407,7256
107555.jpg,104,124,244,338,7256
115937.jpg,11,23,367,508,7256
116482.jpg,3,112,257,356,7256
118439.jpg,180,34,99,137,7256
119408.jpg,165,76,156,216,7256
131714.jpg,107,104,226,313,7256
132326.jpg,101,96,185,256,7256
134242.jpg,252,79,140,194,7256
136128.jpg,182,88,398,551,7256
142759.jpg,254,110,304,421,7256
158958.jpg,11,44,312,405,7256
000143.jpg,29,96,291,403,5787
002326.jpg,113,63,237,328,5787
036327.jpg,142,51,88,122,5787
039647.jpg,21,32,65,90,5787
040578.jpg,80,1,309,428,5787
044900.jpg,117,87,265,367,5787
054077.jpg,209,71,96,133,5787
056750.jpg,176,86,99,137,5787
061905.jpg,71,34,148,205,5787
068749.jpg,235,101,101,140,5787
080146.jpg,138,64,117,162,5787
083163.jpg,125,40,153,212,5787
086650.jpg,33,58,104,144,5787
087621.jpg,452,64,75,104,5787
093127.jpg,87,79,231,320,5787
109832.jpg,72,84,237,328,5787
112326.jpg,63,123,218,302,5787
118756.jpg,345,25,81,112,5787
122395.jpg,43,60,335,464,5787
122482.jpg,53,58,169,234,5787
123020.jpg,150,46,112,155,5787
125726.jpg,141,40,107,148,5787
126248.jpg,22,35,86,119,5787
131167.jpg,78,26,82,119,5787
133770.jpg,135,40,104,144,5787
137419.jpg,217,64,213,295,5787
142575.jpg,151,46,109,151,5787
144054.jpg,111,44,96,133,5787
148620.jpg,71,117,270,374,5787
160421.jpg,127,28,117,162,5787
000190.jpg,187,19,91,126,5246
000864.jpg,123,39,78,108,5246
005886.jpg,187,65,367,508,5246
010221.jpg,309,137,190,263,5246
012915.jpg,130,26,104,144,5246
013073.jpg,304,53,146,202,5246
025607.jpg,29,29,104,144,5246
031878.jpg,89,30,91,126,5246
044294.jpg,116,47,96,133,5246
046235.jpg,110,33,75,104,5246
055646.jpg,118,35,151,209,5246
063596.jpg,145,51,263,315,5246
068359.jpg,154,65,120,166,5246
076179.jpg,26,17,114,158,5246
080859.jpg,266,72,224,310,5246
084043.jpg,198,76,198,274,5246
091739.jpg,38,57,148,205,5246
095778.jpg,297,69,135,187,5246
101059.jpg,83,12,117,162,5246
113069.jpg,368,70,205,284,5246
113315.jpg,137,45,94,130,5246
115207.jpg,185,57,125,173,5246
115443.jpg,222,76,179,248,5246
118467.jpg,116,38,81,112,5246
121407.jpg,47,38,125,173,5246
121781.jpg,226,30,192,266,5246
127906.jpg,162,84,127,176,5246
129287.jpg,55,28,107,148,5246
141942.jpg,198,51,169,234,5246
150378.jpg,178,54,151,209,5246
000245.jpg,39,37,68,94,4686
007879.jpg,97,50,88,122,4686
009001.jpg,479,42,114,158,4686
042793.jpg,202,67,198,274,4686
043516.jpg,21,107,218,302,4686
049949.jpg,278,52,130,180,4686
050096.jpg,376,72,78,108,4686
051484.jpg,83,53,94,130,4686
059158.jpg,354,90,244,338,4686
060148.jpg,122,171,161,223,4686
064006.jpg,61,28,109,151,4686
070314.jpg,130,44,62,86,4686
072660.jpg,99,39,99,137,4686
081521.jpg,227,144,143,198,4686
091313.jpg,94,64,99,137,4686
095873.jpg,120,36,140,194,4686
104892.jpg,52,81,107,148,4686
105128.jpg,101,15,190,263,4686
116937.jpg,255,35,125,173,4686
119552.jpg,147,62,120,166,4686
121957.jpg,188,56,109,151,4686
122373.jpg,255,84,153,212,4686
124362.jpg,94,42,101,140,4686
128810.jpg,170,170,229,317,4686
138305.jpg,21,38,96,133,4686
147668.jpg,157,56,190,263,4686
149513.jpg,33,45,96,133,4686
150915.jpg,123,35,101,140,4686
154589.jpg,71,9,117,162,4686
155231.jpg,41,58,81,112,4686
000303.jpg,205,69,166,230,2249
008601.jpg,82,33,406,562,2249
011973.jpg,126,60,203,281,2249
013741.jpg,182,37,88,122,2249
016152.jpg,47,20,78,108,2249
024074.jpg,154,31,224,310,2249
028079.jpg,236,31,86,119,2249
031312.jpg,127,60,81,112,2249
031898.jpg,154,89,109,151,2249
036089.jpg,53,41,88,122,2249
038516.jpg,44,63,211,292,2249
042714.jpg,190,75,161,223,2249
047249.jpg,120,101,135,187,2249
051065.jpg,199,80,143,198,2249
056606.jpg,239,35,159,220,2249
062026.jpg,215,85,166,230,2249
068513.jpg,204,96,169,234,2249
078212.jpg,87,77,211,292,2249
084124.jpg,82,70,130,180,2249
086530.jpg,211,64,177,245,2249
096517.jpg,183,54,122,169,2249
100377.jpg,196,43,135,187,2249
105110.jpg,114,56,133,184,2249
113776.jpg,121,40,260,360,2249
143804.jpg,142,72,203,281,2249
146814.jpg,161,67,83,115,2249
149047.jpg,90,31,83,115,2249
152292.jpg,229,73,166,230,2249
158149.jpg,191,51,99,137,2249
159826.jpg,165,93,138,191,2249
000329.jpg,44,28,81,112,2030
004193.jpg,79,64,81,112,2030
010710.jpg,45,32,70,97,2030
015120.jpg,96,140,239,331,2030
016344.jpg,84,68,70,97,2030
020293.jpg,61,67,88,122,2030
021923.jpg,20,32,57,79,2030
022302.jpg,62,49,73,101,2030
024382.jpg,63,43,96,133,2030
026994.jpg,23,37,78,108,2030
027167.jpg,111,74,135,187,2030
032451.jpg,80,52,62,86,2030
059834.jpg,99,49,97,155,2030
060688.jpg,32,57,86,119,2030
061892.jpg,19,26,62,86,2030
083642.jpg,106,29,91,126,2030
087526.jpg,86,45,83,115,2030
090238.jpg,77,30,52,72,2030
100012.jpg,49,34,55,76,2030
105447.jpg,61,30,78,108,2030
112397.jpg,58,65,239,331,2030
118403.jpg,88,53,72,104,2030
126816.jpg,77,12,44,61,2030
129741.jpg,102,86,195,270,2030
146539.jpg,11,49,91,126,2030
149832.jpg,117,48,88,122,2030
151202.jpg,113,94,138,191,2030
159709.jpg,69,4,114,158,2030
160639.jpg,174,136,177,245,2030
161406.jpg,58,11,65,90,2030
000490.jpg,200,182,205,284,8820
001841.jpg,138,32,81,112,8820
003853.jpg,75,86,166,230,8820
009922.jpg,159,38,125,173,8820
013014.jpg,141,91,148,205,8820
028709.jpg,149,40,122,169,8820
030835.jpg,229,73,151,209,8820
032714.jpg,7,46,101,126,8820
038001.jpg,77,55,117,162,8820
042407.jpg,200,132,107,148,8820
043280.jpg,37,68,83,115,8820
051830.jpg,127,107,81,112,8820
059701.jpg,251,43,109,151,8820
062731.jpg,129,68,122,169,8820
067428.jpg,145,101,231,320,8820
072144.jpg,103,74,195,270,8820
075265.jpg,430,98,172,238,8820
075767.jpg,34,55,122,155,8820
078191.jpg,1,47,125,173,8820
081283.jpg,407,102,146,202,8820
092892.jpg,5,60,179,248,8820
097251.jpg,119,48,164,227,8820
100427.jpg,93,29,99,137,8820
100965.jpg,106,46,130,180,8820
111452.jpg,406,81,190,263,8820
112826.jpg,142,60,73,101,8820
114924.jpg,152,43,83,115,8820
125719.jpg,224,83,172,238,8820
129251.jpg,212,111,250,346,8820
129696.jpg,176,55,107,148,8820
000506.jpg,92,83,177,245,4446
005764.jpg,70,22,62,86,4446
009103.jpg,143,46,57,79,4446
011209.jpg,149,100,174,241,4446
021214.jpg,93,106,179,248,4446
029329.jpg,146,73,81,112,4446
037558.jpg,86,103,179,248,4446
044703.jpg,98,65,127,176,4446
046361.jpg,149,91,122,169,4446
056813.jpg,119,64,135,187,4446
058549.jpg,84,97,174,241,4446
060548.jpg,94,86,161,223,4446
062623.jpg,91,46,68,94,4446
067579.jpg,205,46,138,191,4446
068443.jpg,113,63,114,158,4446
074942.jpg,86,100,164,227,4446
079841.jpg,80,27,156,216,4446
085039.jpg,59,54,86,119,4446
099276.jpg,95,124,195,270,4446
099408.jpg,194,44,112,155,4446
107357.jpg,108,69,94,130,4446
112482.jpg,214,189,216,299,4446
115567.jpg,122,96,138,191,4446
124316.jpg,103,63,169,234,4446
126525.jpg,154,73,99,137,4446
127784.jpg,103,42,169,234,4446
145697.jpg,90,129,211,292,4446
148170.jpg,94,65,140,194,4446
159168.jpg,109,45,112,155,4446
159901.jpg,105,20,60,83,4446
000606.jpg,120,52,122,169,9808
004459.jpg,305,41,125,173,9808
010429.jpg,102,6,112,155,9808
016126.jpg,181,180,185,256,9808
026483.jpg,248,103,112,155,9808
026913.jpg,201,89,125,173,9808
027743.jpg,161,66,205,284,9808
029547.jpg,157,47,133,184,9808
032550.jpg,165,40,47,65,9808
040752.jpg,149,18,86,119,9808
042122.jpg,91,77,205,284,9808
062190.jpg,157,55,127,176,9808
069541.jpg,189,113,192,266,9808
070525.jpg,99,16,218,302,9808
092353.jpg,162,91,94,130,9808
095192.jpg,37,25,88,122,9808
097578.jpg,103,69,125,173,9808
102959.jpg,85,15,83,115,9808
103234.jpg,122,94,101,140,9808
103380.jpg,72,107,114,158,9808
105269.jpg,91,40,88,122,9808
109632.jpg,166,24,65,90,9808
113781.jpg,141,61,205,284,9808
123932.jpg,259,115,296,410,9808
135575.jpg,126,87,231,320,9808
140163.jpg,162,28,135,187,9808
142974.jpg,120,35,68,94,9808
146804.jpg,157,107,234,324,9808
154079.jpg,188,179,198,274,9808
156920.jpg,164,76,99,137,9808
000654.jpg,126,42,242,335,7318
012299.jpg,72,103,231,320,7318
015553.jpg,106,57,283,392,7318
018372.jpg,151,152,205,284,7318
018944.jpg,71,86,156,216,7318
021952.jpg,114,61,208,288,7318
028810.jpg,162,161,169,234,7318
029885.jpg,81,42,65,90,7318
034044.jpg,207,24,182,252,7318
036228.jpg,125,71,107,148,7318
038867.jpg,105,105,190,263,7318
044296.jpg,122,75,156,216,7318
047123.jpg,98,62,268,371,7318
047395.jpg,61,98,221,306,7318
049751.jpg,41,91,213,295,7318
052990.jpg,102,177,169,234,7318
056126.jpg,174,44,138,191,7318
069573.jpg,145,135,172,238,7318
082562.jpg,52,100,242,335,7318
084188.jpg,98,97,166,230,7318
090921.jpg,110,98,211,292,7318
098940.jpg,134,127,203,281,7318
104042.jpg,64,126,239,331,7318
104606.jpg,300,104,205,284,7318
108778.jpg,96,90,138,191,7318
112740.jpg,166,83,135,187,7318
114714.jpg,55,62,174,241,7318
117496.jpg,136,77,221,306,7318
119660.jpg,95,69,125,173,7318
139416.jpg,72,102,247,342,7318
000682.jpg,101,28,75,104,3981
001264.jpg,60,28,91,126,3981
005511.jpg,151,13,130,180,3981
007119.jpg,182,101,86,119,3981
014131.jpg,176,73,242,335,3981
028589.jpg,188,59,192,266,3981
048368.jpg,64,74,135,187,3981
050867.jpg,194,67,107,148,3981
065340.jpg,153,83,146,202,3981
073795.jpg,63,47,179,248,3981
075842.jpg,105,109,192,266,3981
078621.jpg,180,82,198,274,3981
078708.jpg,233,153,148,205,3981
079162.jpg,163,46,88,122,3981
084580.jpg,100,40,86,119,3981
086542.jpg,325,38,125,173,3981
087856.jpg,331,60,104,144,3981
093193.jpg,137,102,208,288,3981
104378.jpg,114,101,107,148,3981
109413.jpg,300,254,169,234,3981
114025.jpg,195,61,107,148,3981
114133.jpg,125,68,99,137,3981
115864.jpg,197,18,133,184,3981
121469.jpg,221,114,320,363,3981
122818.jpg,90,54,86,119,3981
124623.jpg,150,60,205,281,3981
136063.jpg,215,74,161,223,3981
147139.jpg,142,101,55,76,3981
152187.jpg,111,79,278,385,3981
158090.jpg,135,31,112,155,3981
000694.jpg,92,89,307,436,1885
002761.jpg,147,97,187,259,1885
007663.jpg,108,110,198,274,1885
020434.jpg,122,72,179,248,1885
024807.jpg,157,94,169,234,1885
031374.jpg,144,83,146,202,1885
034462.jpg,216,111,174,241,1885
036606.jpg,160,123,172,238,1885
037539.jpg,121,51,179,248,1885
043628.jpg,87,80,211,292,1885
046509.jpg,266,47,122,169,1885
064646.jpg,192,112,125,173,1885
067947.jpg,107,78,177,245,1885
070293.jpg,147,65,127,176,1885
081922.jpg,91,152,174,241,1885
108387.jpg,63,51,143,198,1885
108613.jpg,100,77,177,245,1885
118520.jpg,109,105,218,302,1885
129600.jpg,77,99,239,331,1885
132905.jpg,103,100,192,266,1885
139763.jpg,170,98,91,126,1885
139969.jpg,181,73,156,216,1885
141312.jpg,81,96,164,227,1885
142896.jpg,100,51,148,205,1885
143948.jpg,157,112,260,360,1885
144522.jpg,96,81,179,248,1885
145355.jpg,143,108,187,259,1885
147315.jpg,160,46,477,662,1885
148567.jpg,141,153,200,277,1885
157575.jpg,87,69,299,414,1885
000744.jpg,32,30,91,126,4306
006856.jpg,48,24,107,148,4306
008623.jpg,24,24,81,112,4306
015372.jpg,172,27,57,79,4306
016170.jpg,40,24,70,97,4306
021740.jpg,90,34,70,97,4306
043141.jpg,179,60,60,83,4306
043735.jpg,51,115,60,83,4306
047107.jpg,46,26,65,90,4306
050468.jpg,120,149,346,479,4306
060185.jpg,192,53,125,173,4306
074117.jpg,129,35,107,148,4306
078421.jpg,75,23,70,97,4306
080053.jpg,57,46,75,104,4306
087068.jpg,105,58,88,122,4306
091724.jpg,128,76,99,137,4306
092306.jpg,15,22,60,83,4306
100515.jpg,102,48,94,130,4306
112681.jpg,52,66,174,241,4306
119347.jpg,79,77,75,104,4306
119837.jpg,228,37,109,151,4306
125757.jpg,88,43,120,166,4306
139343.jpg,98,50,101,140,4306
147929.jpg,109,51,104,144,4306
148869.jpg,41,54,120,166,4306
153707.jpg,1,116,229,317,4306
154659.jpg,116,81,81,112,4306
156063.jpg,84,19,91,126,4306
156812.jpg,24,37,68,94,4306
158889.jpg,228,33,114,158,4306
000764.jpg,172,46,203,281,3195
011601.jpg,189,105,127,176,3195
012024.jpg,235,58,140,194,3195
024561.jpg,219,85,231,302,3195
024711.jpg,307,89,169,234,3195
032130.jpg,159,59,179,248,3195
032910.jpg,242,76,166,230,3195
040584.jpg,221,96,153,212,3195
055043.jpg,105,127,130,180,3195
060973.jpg,159,127,198,274,3195
062379.jpg,155,88,101,140,3195
066828.jpg,193,70,203,281,3195
066942.jpg,39,59,99,137,3195
087414.jpg,186,21,195,270,3195
094255.jpg,273,61,224,310,3195
096156.jpg,191,49,265,367,3195
097324.jpg,251,15,70,97,3195
110977.jpg,106,53,114,158,3195
111422.jpg,79,25,101,140,3195
113962.jpg,235,88,130,180,3195
118198.jpg,127,57,99,137,3195
119625.jpg,70,55,122,169,3195
130510.jpg,97,57,114,158,3195
135733.jpg,138,39,205,284,3195
145239.jpg,227,70,198,274,3195
151713.jpg,200,56,250,346,3195
152415.jpg,240,1,208,229,3195
154229.jpg,238,87,182,252,3195
156669.jpg,103,38,224,310,3195
159533.jpg,89,46,369,511,3195
000848.jpg,167,12,286,396,6682
006640.jpg,122,110,159,220,6682
016542.jpg,220,53,81,112,6682
030116.jpg,133,55,125,173,6682
042811.jpg,179,9,211,265,6682
042961.jpg,95,68,244,338,6682
045421.jpg,122,81,112,155,6682
045745.jpg,48,22,65,90,6682
061451.jpg,189,40,172,229,6682
067950.jpg,248,92,185,240,6682
081387.jpg,87,99,205,284,6682
086030.jpg,133,56,122,169,6682
086446.jpg,234,44,231,320,6682
093661.jpg,111,29,86,119,6682
098591.jpg,149,109,226,290,6682
099994.jpg,348,70,289,355,6682
106859.jpg,269,95,127,176,6682
109679.jpg,34,21,109,151,6682
112302.jpg,179,9,211,265,6682
116545.jpg,325,102,164,227,6682
123315.jpg,79,118,257,356,6682
124695.jpg,114,61,130,180,6682
127894.jpg,132,52,168,277,6682
133206.jpg,189,39,83,115,6682
139055.jpg,83,105,190,263,6682
141750.jpg,359,67,117,162,6682
154590.jpg,124,112,159,220,6682
155947.jpg,149,131,125,173,6682
161401.jpg,214,26,224,310,6682
161851.jpg,243,12,216,299,6682
001001.jpg,94,51,70,97,2231
002179.jpg,129,55,94,130,2231
004241.jpg,30,90,138,191,2231
008176.jpg,120,85,166,230,2231
011457.jpg,355,5,109,151,2231
012270.jpg,173,48,101,140,2231
012785.jpg,60,56,200,277,2231
018116.jpg,216,86,198,274,2231
026904.jpg,177,115,135,187,2231
040530.jpg,126,30,96,133,2231
047023.jpg,115,1,195,270,2231
052101.jpg,122,75,146,202,2231
063393.jpg,209,42,260,360,2231
066928.jpg,99,26,125,173,2231
085656.jpg,189,98,94,130,2231
086970.jpg,182,26,203,281,2231
091154.jpg,192,21,151,209,2231
094555.jpg,213,143,187,259,2231
097269.jpg,160,38,83,115,2231
098213.jpg,200,97,179,248,2231
101115.jpg,193,116,283,392,2231
103337.jpg,159,108,125,173,2231
124682.jpg,56,1,192,266,2231
133987.jpg,154,98,364,504,2231
137932.jpg,92,62,242,335,2231
147641.jpg,246,17,146,202,2231
154917.jpg,124,158,146,202,2231
158444.jpg,226,75,187,259,2231
160962.jpg,135,82,135,187,2231
161550.jpg,201,141,73,101,2231
001217.jpg,218,29,130,180,6492
010206.jpg,375,25,307,425,6492
010723.jpg,44,51,203,281,6492
013771.jpg,17,52,294,407,6492
016309.jpg,124,32,153,212,6492
018919.jpg,196,49,234,324,6492
023573.jpg,72,41,234,324,6492
024323.jpg,149,82,380,526,6492
036178.jpg,110,42,117,162,6492
043137.jpg,52,79,244,338,6492
055647.jpg,173,43,192,266,6492
064574.jpg,120,65,94,130,6492
071347.jpg,155,37,127,176,6492
083004.jpg,63,49,182,252,6492
086617.jpg,126,34,109,151,6492
086901.jpg,76,79,429,570,6492
091091.jpg,89,110,205,284,6492
102595.jpg,63,21,169,234,6492
107260.jpg,190,67,153,212,6492
115049.jpg,306,43,146,202,6492
131012.jpg,140,3,234,310,6492
131106.jpg,113,55,187,259,6492
133413.jpg,40,87,226,313,6492
144175.jpg,104,111,346,479,6492
144823.jpg,125,67,151,209,6492
145603.jpg,175,23,213,295,6492
148685.jpg,1,57,348,482,6492
159422.jpg,68,23,302,418,6492
160288.jpg,71,26,140,194,6492
162592.jpg,155,47,286,392,6492
001247.jpg,63,106,244,338,1947
011342.jpg,137,65,83,115,1947
018356.jpg,137,21,125,173,1947
019091.jpg,61,121,385,533,1947
020881.jpg,133,93,130,180,1947
024704.jpg,82,73,198,274,1947
030562.jpg,101,115,185,256,1947
034968.jpg,18,54,252,349,1947
035753.jpg,60,48,117,162,1947
048891.jpg,71,48,94,130,1947
049533.jpg,49,86,307,425,1947
050362.jpg,103,119,177,245,1947
053123.jpg,79,42,73,101,1947
059644.jpg,117,98,198,274,1947
064757.jpg,72,41,83,115,1947
065053.jpg,112,99,260,360,1947
067446.jpg,275,98,172,238,1947
068801.jpg,75,91,250,346,1947
069809.jpg,36,22,156,215,1947
070146.jpg,90,91,216,299,1947
072616.jpg,167,85,182,252,1947
075585.jpg,116,110,185,256,1947
103071.jpg,113,67,107,148,1947
111209.jpg,101,35,68,94,1947
113203.jpg,238,112,130,180,1947
115378.jpg,96,69,143,198,1947
118436.jpg,175,138,112,155,1947
133858.jpg,173,83,109,151,1947
134964.jpg,160,113,242,335,1947
154543.jpg,63,93,229,317,1947
001283.jpg,152,17,83,115,4321
003388.jpg,213,68,161,223,4321
005370.jpg,82,71,185,256,4321
023412.jpg,216,40,140,194,4321
034056.jpg,73,24,101,140,4321
044429.jpg,186,81,104,144,4321
068879.jpg,59,21,174,241,4321
068925.jpg,90,36,143,198,4321
069804.jpg,68,16,140,194,4321
084932.jpg,187,43,112,155,4321
091042.jpg,146,24,104,144,4321
095172.jpg,132,8,114,158,4321
095584.jpg,74,33,127,176,4321
105650.jpg,90,21,138,191,4321
111783.jpg,142,55,138,191,4321
114876.jpg,48,36,127,176,4321
115879.jpg,75,52,307,425,4321
123201.jpg,83,59,143,198,4321
128531.jpg,86,61,159,220,4321
130346.jpg,69,83,247,342,4321
131635.jpg,164,46,96,133,4321
134028.jpg,207,73,172,238,4321
134093.jpg,59,43,112,155,4321
138409.jpg,161,41,127,176,4321
138872.jpg,99,27,122,169,4321
139487.jpg,99,46,130,180,4321
143792.jpg,127,19,73,101,4321
147408.jpg,105,97,190,263,4321
150650.jpg,141,45,127,176,4321
154397.jpg,233,42,164,227,4321
001291.jpg,60,117,265,367,2331
001870.jpg,146,59,120,166,2331
012828.jpg,280,163,151,209,2331
017578.jpg,95,129,348,482,2331
020970.jpg,121,119,260,360,2331
025729.jpg,148,60,172,238,2331
030436.jpg,121,27,185,256,2331
034980.jpg,45,53,169,234,2331
044598.jpg,165,46,229,311,2331
050453.jpg,74,98,96,133,2331
055198.jpg,160,71,247,342,2331
061056.jpg,31,72,226,313,2331
082209.jpg,79,41,107,148,2331
084537.jpg,174,56,166,230,2331
084581.jpg,116,129,250,346,2331
084699.jpg,46,63,148,205,2331
097639.jpg,115,90,190,263,2331
105219.jpg,69,42,130,180,2331
107654.jpg,156,44,135,187,2331
110568.jpg,145,22,88,122,2331
114454.jpg,65,46,166,230,2331
125740.jpg,131,161,260,360,2331
128712.jpg,102,77,273,378,2331
134577.jpg,72,42,109,151,2331
135843.jpg,209,69,83,115,2331
137133.jpg,95,114,270,374,2331
140100.jpg,96,115,286,396,2331
146947.jpg,162,78,151,209,2331
161222.jpg,125,58,211,292,2331
161792.jpg,232,48,133,184,2331
001378.jpg,260,59,192,266,1034
004325.jpg,169,53,164,227,1034
005011.jpg,184,94,94,130,1034
013296.jpg,158,99,177,245,1034
017023.jpg,136,29,62,86,1034
020386.jpg,116,54,164,227,1034
025356.jpg,91,22,234,324,1034
032355.jpg,119,108,239,331,1034
039889.jpg,121,49,143,198,1034
049001.jpg,81,1,252,349,1034
055717.jpg,103,67,140,194,1034
058913.jpg,207,39,104,144,1034
063788.jpg,113,38,208,288,1034
067408.jpg,122,72,86,119,1034
071006.jpg,45,1,335,396,1034
083437.jpg,186,18,81,112,1034
088666.jpg,38,55,187,259,1034
095306.jpg,97,45,200,277,1034
095502.jpg,96,19,419,580,1034
095574.jpg,127,25,91,126,1034
103308.jpg,129,66,81,112,1034
117934.jpg,576,201,190,263,1034
125973.jpg,141,23,114,158,1034
129233.jpg,245,39,73,101,1034
129979.jpg,129,89,75,104,1034
135187.jpg,159,42,88,122,1034
136005.jpg,90,76,182,252,1034
137573.jpg,293,167,75,104,1034
142198.jpg,200,114,177,245,1034
155979.jpg,485,91,78,108,1034
001399.jpg,90,91,151,209,3017
004599.jpg,227,17,148,205,3017
006149.jpg,78,93,268,371,3017
010108.jpg,227,51,260,360,3017
017061.jpg,40,118,278,385,3017
020726.jpg,88,110,231,320,3017
022592.jpg,63,104,179,248,3017
026236.jpg,96,124,192,266,3017
028036.jpg,143,63,125,173,3017
032690.jpg,104,38,83,115,3017
035505.jpg,207,149,328,454,3017
041028.jpg,47,52,159,220,3017
049694.jpg,55,75,257,324,3017
064304.jpg,105,95,195,270,3017
066347.jpg,95,162,231,320,3017
072355.jpg,136,91,112,155,3017
072408.jpg,117,159,211,292,3017
078715.jpg,66,169,242,335,3017
097880.jpg,122,141,239,331,3017
102604.jpg,224,93,148,205,3017
103629.jpg,77,104,250,346,3017
108986.jpg,153,151,159,220,3017
110603.jpg,181,52,296,410,3017
112917.jpg,67,56,187,259,3017
115323.jpg,121,145,213,295,3017
117706.jpg,47,62,78,108,3017
128749.jpg,169,64,127,176,3017
142077.jpg,91,152,185,256,3017
144844.jpg,98,27,78,108,3017
154804.jpg,217,38,112,155,3017
001569.jpg,243,53,224,310,2761
002534.jpg,144,1,325,450,2761
014265.jpg,179,32,291,403,2761
017710.jpg,167,33,140,194,2761
024501.jpg,73,5,364,504,2761
029924.jpg,204,40,239,331,2761
033890.jpg,221,85,143,198,2761
034086.jpg,150,49,91,126,2761
035315.jpg,92,58,94,130,2761
035895.jpg,19,73,242,335,2761
055148.jpg,132,1,135,187,2761
067814.jpg,275,43,296,410,2761
071042.jpg,106,51,494,684,2761
076819.jpg,156,93,153,212,2761
081775.jpg,41,54,114,158,2761
085096.jpg,42,2,221,289,2761
104159.jpg,117,85,109,151,2761
105719.jpg,127,3,390,540,2761
107715.jpg,176,21,213,295,2761
116854.jpg,239,81,276,382,2761
122578.jpg,137,50,237,328,2761
125836.jpg,48,22,68,94,2761
133634.jpg,99,46,81,112,2761
140141.jpg,210,20,239,331,2761
143236.jpg,9,26,107,148,2761
144358.jpg,192,76,120,166,2761
149663.jpg,95,45,198,274,2761
150073.jpg,6,112,208,288,2761
160555.jpg,179,57,208,288,2761
160731.jpg,228,16,244,338,2761
001625.jpg,108,85,125,173,9987
009827.jpg,49,40,75,104,9987
014091.jpg,43,132,99,137,9987
018046.jpg,36,41,148,205,9987
024354.jpg,132,79,148,205,9987
042047.jpg,79,53,94,130,9987
060118.jpg,62,57,75,104,9987
073097.jpg,79,55,81,112,9987
074742.jpg,249,75,185,256,9987
078343.jpg,12,146,343,445,9987
079888.jpg,86,82,78,108,9987
087282.jpg,54,57,88,122,9987
096822.jpg,249,58,62,86,9987
099346.jpg,108,70,190,263,9987
102270.jpg,209,58,122,169,9987
107948.jpg,139,70,148,205,9987
109282.jpg,131,79,120,166,9987
111825.jpg,130,86,192,266,9987
117656.jpg,195,56,156,216,9987
119978.jpg,196,89,159,220,9987
135143.jpg,147,68,107,148,9987
135722.jpg,75,33,75,104,9987
139588.jpg,300,60,70,97,9987
146039.jpg,73,41,75,104,9987
149204.jpg,94,53,114,158,9987
149414.jpg,66,30,62,86,9987
152799.jpg,75,57,169,234,9987
158817.jpg,126,26,81,112,9987
159959.jpg,245,98,138,191,9987
162390.jpg,69,56,60,83,9987
001628.jpg,114,48,94,130,1994
007629.jpg,119,69,187,259,1994
007650.jpg,108,64,164,227,1994
012892.jpg,86,24,122,169,1994
019939.jpg,50,40,218,302,1994
023904.jpg,164,51,86,119,1994
024022.jpg,109,33,78,108,1994
041483.jpg,107,1,216,299,1994
045456.jpg,289,106,138,191,1994
046070.jpg,110,30,211,292,1994
047922.jpg,78,21,172,238,1994
047934.jpg,252,57,177,245,1994
053468.jpg,87,37,179,248,1994
055013.jpg,145,59,156,216,1994
055699.jpg,20,67,221,306,1994
058155.jpg,146,45,161,223,1994
059575.jpg,53,26,104,144,1994
068431.jpg,155,1,226,313,1994
069714.jpg,125,1,309,428,1994
093307.jpg,187,61,120,166,1994
094831.jpg,93,19,75,104,1994
097254.jpg,97,37,125,173,1994
099666.jpg,117,48,109,180,1994
129905.jpg,75,67,192,266,1994
131480.jpg,171,69,151,209,1994
132658.jpg,178,130,213,295,1994
135819.jpg,234,21,151,209,1994
144691.jpg,49,116,211,292,1994
146234.jpg,173,177,278,385,1994
154629.jpg,123,71,177,245,1994
001633.jpg,59,26,62,86,1448
007043.jpg,148,33,112,155,1448
014656.jpg,168,40,387,472,1448
016036.jpg,272,40,192,266,1448
030709.jpg,96,68,283,375,1448
036382.jpg,50,13,135,187,1448
039425.jpg,202,99,185,256,1448
041572.jpg,242,10,130,180,1448
043755.jpg,376,26,138,191,1448
057174.jpg,141,52,252,349,1448
057550.jpg,354,59,120,166,1448
061721.jpg,323,34,185,256,1448
073099.jpg,116,157,265,367,1448
086730.jpg,244,81,101,140,1448
101668.jpg,31,44,159,220,1448
103355.jpg,240,46,179,248,1448
108805.jpg,368,30,135,187,1448
122799.jpg,29,48,143,198,1448
127492.jpg,149,49,99,137,1448
128049.jpg,331,56,153,181,1448
132292.jpg,134,60,260,337,1448
135602.jpg,41,34,109,151,1448
138877.jpg,66,44,239,356,1448
142491.jpg,152,115,265,425,1448
142949.jpg,156,23,120,166,1448
152537.jpg,15,53,232,331,1448
153197.jpg,142,89,281,358,1448
159646.jpg,303,40,135,187,1448
159980.jpg,205,108,112,155,1448
161470.jpg,419,98,265,367,1448
001657.jpg,4,30,427,571,5178
007554.jpg,221,19,161,223,5178
011885.jpg,107,71,83,115,5178
012283.jpg,134,77,179,248,5178
012507.jpg,78,38,65,90,5178
023118.jpg,188,47,190,263,5178
024871.jpg,249,48,182,252,5178
026481.jpg,185,23,182,252,5178
032167.jpg,189,48,112,155,5178
039482.jpg,104,66,133,184,5178
042756.jpg,154,55,156,216,5178
046821.jpg,142,53,130,180,5178
047033.jpg,98,99,130,180,5178
048092.jpg,52,40,94,130,5178
054498.jpg,22,6,146,202,5178
057144.jpg,92,85,109,151,5178
062506.jpg,54,53,96,133,5178
066440.jpg,200,99,257,356,5178
071128.jpg,227,238,75,104,5178
078105.jpg,171,144,208,288,5178
079406.jpg,152,42,185,256,5178
085072.jpg,54,53,96,133,5178
097188.jpg,164,95,114,158,5178
100288.jpg,66,47,135,187,5178
112961.jpg,230,116,127,176,5178
118293.jpg,189,53,156,216,5178
118982.jpg,110,46,101,140,5178
144749.jpg,294,29,135,187,5178
159135.jpg,149,131,86,119,5178
161085.jpg,75,80,146,202,5178
001764.jpg,225,51,94,130,3862
004201.jpg,78,145,338,468,3862
004783.jpg,178,33,86,119,3862
013628.jpg,190,44,96,133,3862
015142.jpg,251,52,122,169,3862
020994.jpg,174,52,83,115,3862
021750.jpg,137,86,156,216,3862
023342.jpg,140,64,88,122,3862
029057.jpg,107,106,107,148,3862
030324.jpg,276,65,138,191,3862
063212.jpg,178,104,179,248,3862
065281.jpg,190,44,96,133,3862
069066.jpg,130,22,109,151,3862
079164.jpg,77,49,91,126,3862
084934.jpg,97,57,99,137,3862
104993.jpg,83,87,174,241,3862
105734.jpg,149,27,109,151,3862
114852.jpg,170,59,120,166,3862
117251.jpg,189,32,65,90,3862
120225.jpg,267,122,185,256,3862
122216.jpg,71,70,177,245,3862
130623.jpg,125,101,172,238,3862
139579.jpg,153,56,125,173,3862
141593.jpg,164,18,159,220,3862
141660.jpg,181,100,172,238,3862
142463.jpg,106,69,127,176,3862
149676.jpg,159,80,143,198,3862
155126.jpg,143,50,83,115,3862
156272.jpg,155,179,174,241,3862
156547.jpg,120,98,208,288,3862
001876.jpg,110,34,112,155,6893
014673.jpg,115,83,94,130,6893
029434.jpg,155,143,172,238,6893
033099.jpg,253,72,130,180,6893
035405.jpg,151,68,203,281,6893
040787.jpg,106,126,213,295,6893
041550.jpg,1,65,211,277,6893
048958.jpg,110,27,107,148,6893
049619.jpg,34,83,237,314,6893
049974.jpg,30,81,135,187,6893
051379.jpg,71,59,153,212,6893
052120.jpg,242,98,211,292,6893
054358.jpg,195,41,101,140,6893
064559.jpg,246,51,177,245,6893
076671.jpg,107,24,78,108,6893
079339.jpg,158,103,148,205,6893
083184.jpg,122,122,190,263,6893
089717.jpg,15,24,166,218,6893
105771.jpg,157,47,114,158,6893
109092.jpg,171,50,203,281,6893
109170.jpg,67,136,304,421,6893
110050.jpg,150,110,179,248,6893
131833.jpg,248,93,122,169,6893
140176.jpg,132,33,140,194,6893
141944.jpg,198,77,81,112,6893
149236.jpg,21,34,99,137,6893
155683.jpg,107,82,234,324,6893
156123.jpg,35,40,101,140,6893
158068.jpg,149,119,109,151,6893
159859.jpg,117,64,146,202,6893
001978.jpg,134,20,101,140,2813
002504.jpg,56,1,255,226,2813
008196.jpg,247,99,203,281,2813
012595.jpg,59,74,328,454,2813
018829.jpg,121,18,148,205,2813
024776.jpg,430,35,203,281,2813
029893.jpg,268,10,107,148,2813
034929.jpg,121,110,112,155,2813
039802.jpg,16,25,172,238,2813
050473.jpg,39,42,169,234,2813
057617.jpg,115,43,172,238,2813
057728.jpg,150,27,164,227,2813
058642.jpg,145,93,224,310,2813
078374.jpg,265,8,177,245,2813
091367.jpg,11,18,161,223,2813
094479.jpg,164,164,276,382,2813
096412.jpg,89,120,208,261,2813
104302.jpg,184,68,60,83,2813
105807.jpg,75,18,88,122,2813
106241.jpg,304,25,276,329,2813
106549.jpg,1,67,257,356,2813
108614.jpg,57,23,177,245,2813
109981.jpg,196,40,172,238,2813
119256.jpg,130,93,218,302,2813
122174.jpg,89,12,127,175,2813
123737.jpg,54,15,243,346,2813
126814.jpg,126,27,198,274,2813
140853.jpg,95,47,70,97,2813
145468.jpg,132,14,99,137,2813
147920.jpg,143,38,187,235,2813
002025.jpg,228,34,133,184,5088
002686.jpg,163,20,135,187,5088
007841.jpg,343,42,143,198,5088
013469.jpg,147,55,117,162,5088
013626.jpg,221,56,192,266,5088
020419.jpg,52,19,112,155,5088
026112.jpg,78,36,135,187,5088
030350.jpg,172,46,114,158,5088
034624.jpg,171,165,62,86,5088
057216.jpg,112,108,182,252,5088
064245.jpg,182,64,88,122,5088
066501.jpg,85,40,91,126,5088
076746.jpg,213,50,179,248,5088
076867.jpg,244,77,299,414,5088
081498.jpg,164,105,195,270,5088
085218.jpg,153,52,153,212,5088
089170.jpg,176,34,138,191,5088
091017.jpg,184,83,182,252,5088
091259.jpg,192,118,242,335,5088
097057.jpg,243,33,153,212,5088
118585.jpg,167,81,117,162,5088
121816.jpg,161,15,68,94,5088
123381.jpg,184,94,221,306,5088
125928.jpg,89,39,130,180,5088
129323.jpg,183,108,166,230,5088
136024.jpg,125,44,140,194,5088
140456.jpg,110,37,107,148,5088
140905.jpg,41,34,68,94,5088
156077.jpg,273,36,127,176,5088
161011.jpg,85,43,133,184,5088
002067.jpg,130,100,231,320,844
011936.jpg,51,1,307,425,844
013738.jpg,181,57,333,461,844
017085.jpg,67,130,385,467,844
023636.jpg,95,18,224,356,844
033682.jpg,127,48,104,144,844
034241.jpg,181,114,127,176,844
037024.jpg,62,105,315,436,844
052291.jpg,9,42,166,230,844
055751.jpg,75,43,190,263,844
057909.jpg,183,84,151,209,844
064778.jpg,156,96,255,336,844
068026.jpg,158,121,257,356,844
073130.jpg,19,72,169,234,844
073159.jpg,220,62,177,245,844
081279.jpg,216,89,286,396,844
088302.jpg,74,141,423,601,844
090380.jpg,154,54,229,317,844
106412.jpg,376,34,73,101,844
116159.jpg,188,43,135,187,844
122552.jpg,157,126,213,295,844
127238.jpg,145,51,104,144,844
128768.jpg,174,91,283,392,844
130241.jpg,146,44,161,227,844
143081.jpg,278,81,153,212,844
151496.jpg,98,34,250,346,844
153348.jpg,231,68,185,256,844
154730.jpg,86,96,143,198,844
156543.jpg,51,1,348,482,844
157039.jpg,134,60,143,198,844
002083.jpg,97,213,335,464,5543
009869.jpg,218,92,195,270,5543
012738.jpg,239,54,159,220,5543
020446.jpg,16,53,226,313,5543
026344.jpg,218,55,182,252,5543
038877.jpg,231,60,278,385,5543
042554.jpg,160,83,299,395,5543
048115.jpg,39,55,499,691,5543
052404.jpg,60,55,164,227,5543
056172.jpg,186,93,263,326,5543
061853.jpg,112,48,174,241,5543
065988.jpg,49,82,104,144,5543
067120.jpg,176,14,294,379,5543
073643.jpg,163,26,265,367,5543
078083.jpg,100,70,312,432,5543
081319.jpg,51,27,94,130,5543
081821.jpg,283,47,213,295,5543
083259.jpg,33,35,104,144,5543
094550.jpg,158,25,216,299,5543
104831.jpg,101,31,216,299,5543
107102.jpg,207,56,169,234,5543
109772.jpg,192,56,187,259,5543
114874.jpg,34,54,127,176,5543
119422.jpg,158,57,252,349,5543
122810.jpg,260,95,322,446,5543
129539.jpg,115,168,361,500,5543
140420.jpg,31,19,104,144,5543
146309.jpg,64,51,156,216,5543
149587.jpg,49,76,159,220,5543
150081.jpg,240,137,224,310,5543
002088.jpg,138,90,255,353,6404
009343.jpg,140,25,203,281,6404
010347.jpg,149,107,322,446,6404
011510.jpg,162,71,96,133,6404
024540.jpg,72,109,211,292,6404
035605.jpg,122,38,44,61,6404
039643.jpg,194,54,55,76,6404
039682.jpg,352,65,198,274,6404
042107.jpg,148,96,185,256,6404
042143.jpg,180,48,120,166,6404
043632.jpg,58,47,151,209,6404
054679.jpg,92,36,70,97,6404
065955.jpg,28,38,101,140,6404
082052.jpg,257,97,91,126,6404
083846.jpg,190,48,146,202,6404
091609.jpg,200,41,88,122,6404
095219.jpg,108,45,60,83,6404
105046.jpg,125,75,198,274,6404
110756.jpg,111,177,172,238,6404
111697.jpg,101,92,244,338,6404
113698.jpg,209,131,117,162,6404
126234.jpg,95,62,99,137,6404
126311.jpg,12,22,101,140,6404
133360.jpg,383,93,247,342,6404
135343.jpg,112,133,213,295,6404
138566.jpg,132,33,68,94,6404
145589.jpg,423,105,120,166,6404
146044.jpg,80,88,203,281,6404
147922.jpg,49,53,195,270,6404
152938.jpg,119,99,208,288,6404
002148.jpg,233,25,107,148,8747
010115.jpg,278,16,75,104,8747
015549.jpg,289,54,104,144,8747
026886.jpg,82,5,65,90,8747
029809.jpg,10,46,107,148,8747
037854.jpg,290,38,112,155,8747
039708.jpg,119,44,140,194,8747
046370.jpg,117,53,96,133,8747
052938.jpg,64,55,101,140,8747
060501.jpg,39,58,127,176,8747
064623.jpg,119,2,73,101,8747
064822.jpg,143,12,117,162,8747
069556.jpg,44,40,103,144,8747
070673.jpg,256,38,112,155,8747
082760.jpg,333,111,91,133,8747
083089.jpg,144,102,224,310,8747
084343.jpg,180,90,107,148,8747
096157.jpg,131,22,195,270,8747
101065.jpg,38,29,125,173,8747
113617.jpg,146,3,65,90,8747
120638.jpg,183,64,109,151,8747
130131.jpg,68,63,62,86,8747
133545.jpg,255,33,107,148,8747
138759.jpg,94,80,182,252,8747
141472.jpg,278,1,213,295,8747
148449.jpg,184,64,96,133,8747
149973.jpg,14,41,86,119,8747
156125.jpg,38,89,242,329,8747
157344.jpg,119,24,65,90,8747
159839.jpg,27,58,99,137,8747
002153.jpg,87,54,96,133,7427
013747.jpg,94,71,112,155,7427
028344.jpg,140,63,57,79,7427
032258.jpg,124,79,200,277,7427
051002.jpg,194,2,213,295,7427
060762.jpg,109,104,125,173,7427
068262.jpg,132,152,143,198,7427
069947.jpg,206,115,151,209,7427
073227.jpg,151,45,109,151,7427
081199.jpg,170,34,86,119,7427
082169.jpg,197,53,120,166,7427
082286.jpg,178,123,42,58,7427
083922.jpg,155,54,114,158,7427
087294.jpg,171,55,52,72,7427
091630.jpg,65,54,86,119,7427
091988.jpg,193,59,88,122,7427
099137.jpg,208,64,81,112,7427
104397.jpg,211,74,114,158,7427
110286.jpg,219,64,83,115,7427
111682.jpg,174,72,135,187,7427
112012.jpg,205,32,60,83,7427
112761.jpg,57,49,182,252,7427
119639.jpg,98,50,112,155,7427
132201.jpg,197,79,120,166,7427
135410.jpg,188,51,161,223,7427
139436.jpg,180,38,130,180,7427
139849.jpg,164,27,138,191,7427
147833.jpg,151,74,148,205,7427
155262.jpg,194,62,104,144,7427
159273.jpg,158,64,101,140,7427
002165.jpg,39,96,291,402,4138
002353.jpg,177,104,156,216,4138
003118.jpg,39,49,159,220,4138
007905.jpg,163,63,86,119,4138
012337.jpg,65,43,192,266,4138
018578.jpg,95,76,169,234,4138
030935.jpg,157,87,190,263,4138
039076.jpg,135,91,107,148,4138
039379.jpg,217,87,159,220,4138
040977.jpg,170,109,257,356,4138
043705.jpg,82,114,400,554,4138
062572.jpg,106,24,143,198,4138
069761.jpg,111,36,65,90,4138
070552.jpg,163,40,138,191,4138
072967.jpg,115,67,125,173,4138
081411.jpg,115,228,411,569,4138
088944.jpg,237,71,234,324,4138
089179.jpg,93,30,146,202,4138
092694.jpg,310,72,200,277,4138
105481.jpg,177,43,174,241,4138
105564.jpg,174,80,117,162,4138
128280.jpg,282,122,148,205,4138
134775.jpg,300,153,122,169,4138
136541.jpg,157,100,273,378,4138
145402.jpg,64,26,164,227,4138
145978.jpg,166,163,273,378,4138
147868.jpg,144,56,83,115,4138
153655.jpg,203,75,177,245,4138
156518.jpg,173,79,138,191,4138
161186.jpg,88,90,203,281,4138
002170.jpg,104,120,229,317,9017
008506.jpg,123,54,140,194,9017
014340.jpg,42,33,172,227,9017
025255.jpg,69,35,146,189,9017
045866.jpg,159,38,280,366,9017
046252.jpg,146,121,127,176,9017
050339.jpg,39,52,88,122,9017
050757.jpg,291,82,195,270,9017
051501.jpg,217,36,101,140,9017
052961.jpg,1,59,200,277,9017
061710.jpg,121,47,133,184,9017
064868.jpg,215,31,91,126,9017
066714.jpg,67,1,299,414,9017
071516.jpg,70,92,153,212,9017
080252.jpg,136,35,156,216,9017
095476.jpg,46,91,117,160,9017
095919.jpg,42,109,151,208,9017
103027.jpg,34,83,226,281,9017
104144.jpg,60,56,91,126,9017
106742.jpg,151,188,429,594,9017
107286.jpg,134,42,148,205,9017
108504.jpg,80,45,153,212,9017
120853.jpg,56,5,104,144,9017
122875.jpg,122,45,130,180,9017
124247.jpg,314,139,120,166,9017
126634.jpg,62,43,244,338,9017
135253.jpg,159,50,133,205,9017
139515.jpg,355,50,104,144,9017
144736.jpg,224,20,192,266,9017
152042.jpg,148,61,130,180,9017
002262.jpg,109,106,185,256,9669
014391.jpg,76,5,309,393,9669
033558.jpg,200,119,109,151,9669
034771.jpg,188,26,75,104,9669
035081.jpg,369,40,247,342,9669
038215.jpg,80,140,90,110,9669
039642.jpg,329,86,211,292,9669
045468.jpg,97,25,104,144,9669
062124.jpg,296,171,179,248,9669
070181.jpg,237,95,182,252,9669
077894.jpg,194,58,104,144,9669
078431.jpg,102,1,256,374,9669
080227.jpg,234,84,73,101,9669
085664.jpg,83,74,283,380,9669
086407.jpg,369,54,273,378,9669
087764.jpg,305,31,125,173,9669
088835.jpg,128,185,187,259,9669
088855.jpg,164,44,86,119,9669
092086.jpg,88,54,203,281,9669
092751.jpg,223,52,107,148,9669
096090.jpg,330,72,169,234,9669
106525.jpg,352,62,166,230,9669
109416.jpg,218,162,88,122,9669
114295.jpg,184,73,127,176,9669
118916.jpg,595,132,65,90,9669
121952.jpg,156,63,86,119,9669
135489.jpg,207,15,88,122,9669
139584.jpg,230,146,117,162,9669
146640.jpg,168,77,91,126,9669
156977.jpg,135,69,78,108,9669
002263.jpg,101,44,127,176,8910
005190.jpg,144,41,101,140,8910
011486.jpg,81,101,211,292,8910
012096.jpg,102,57,140,194,8910
017838.jpg,106,29,159,220,8910
019995.jpg,74,67,114,158,8910
025655.jpg,127,78,156,216,8910
026283.jpg,235,126,174,241,8910
030852.jpg,117,72,221,306,8910
036050.jpg,136,50,174,241,8910
036052.jpg,106,76,164,227,8910
040183.jpg,114,67,172,238,8910
047183.jpg,141,51,114,158,8910
049218.jpg,163,50,86,119,8910
055690.jpg,135,79,120,166,8910
069273.jpg,166,40,94,130,8910
070300.jpg,104,64,179,248,8910
074760.jpg,132,58,133,184,8910
077024.jpg,140,112,164,227,8910
083594.jpg,134,65,211,292,8910
098702.jpg,137,74,216,299,8910
100034.jpg,90,31,203,281,8910
103542.jpg,73,117,224,310,8910
104095.jpg,109,41,174,241,8910
110639.jpg,171,49,104,144,8910
145551.jpg,100,76,166,230,8910
147892.jpg,136,76,169,234,8910
148056.jpg,73,82,148,205,8910
148618.jpg,121,40,114,158,8910
151093.jpg,107,65,174,241,8910
002294.jpg,85,51,68,94,6359
005748.jpg,154,94,49,68,6359
009848.jpg,231,30,130,180,6359
012646.jpg,66,17,52,72,6359
013918.jpg,237,50,130,180,6359
014313.jpg,81,60,81,112,6359
027828.jpg,132,32,57,79,6359
028375.jpg,161,72,151,209,6359
029912.jpg,69,76,88,122,6359
034178.jpg,163,34,52,72,6359
034613.jpg,53,36,68,94,6359
044996.jpg,270,66,101,140,6359
057559.jpg,52,31,39,54,6359
074382.jpg,84,68,179,248,6359
081191.jpg,26,67,114,158,6359
092132.jpg,65,37,52,72,6359
097805.jpg,38,8,133,184,6359
106254.jpg,124,33,205,284,6359
108260.jpg,76,17,86,119,6359
109097.jpg,268,70,104,144,6359
109641.jpg,177,51,164,227,6359
118428.jpg,117,46,78,108,6359
120905.jpg,139,34,60,83,6359
122181.jpg,111,49,109,151,6359
123056.jpg,77,33,60,83,6359
132312.jpg,60,45,107,148,6359
140279.jpg,42,39,55,76,6359
144450.jpg,138,74,172,238,6359
144605.jpg,75,49,83,115,6359
160900.jpg,138,73,172,238,6359
002322.jpg,138,105,231,320,1339
011008.jpg,72,64,159,220,1339
026322.jpg,143,105,174,241,1339
030315.jpg,141,169,247,342,1339
033978.jpg,169,116,239,331,1339
038129.jpg,112,36,81,112,1339
042084.jpg,61,160,221,306,1339
044804.jpg,99,76,198,261,1339
047410.jpg,101,61,114,158,1339
058216.jpg,146,45,86,119,1339
059739.jpg,44,95,257,356,1339
060622.jpg,141,64,151,209,1339
071790.jpg,120,65,112,155,1339
075550.jpg,137,62,99,137,1339
084776.jpg,125,85,151,209,1339
089936.jpg,74,98,224,310,1339
089967.jpg,84,45,159,189,1339
091226.jpg,189,78,120,166,1339
097136.jpg,112,63,99,137,1339
103400.jpg,75,58,130,180,1339
103982.jpg,72,32,99,137,1339
107821.jpg,174,78,286,396,1339
108782.jpg,159,61,143,198,1339
114242.jpg,64,53,138,191,1339
125706.jpg,80,105,213,295,1339
126484.jpg,136,92,146,202,1339
127581.jpg,154,36,117,162,1339
146497.jpg,168,142,263,364,1339
160104.jpg,179,77,198,274,1339
160933.jpg,134,77,133,184,1339
002323.jpg,330,35,94,130,7143
013093.jpg,148,28,70,97,7143
017948.jpg,2,27,96,133,7143
019901.jpg,179,74,140,194,7143
029715.jpg,110,37,94,130,7143
041811.jpg,284,45,65,90,7143
042255.jpg,333,55,91,126,7143
049761.jpg,109,27,70,97,7143
056182.jpg,326,67,127,176,7143
058299.jpg,88,17,62,86,7143
075538.jpg,319,40,75,104,7143
079704.jpg,114,83,161,223,7143
080581.jpg,248,205,99,137,7143
082686.jpg,150,53,91,126,7143
084656.jpg,110,39,96,133,7143
088168.jpg,291,101,179,248,7143
088778.jpg,76,37,81,112,7143
089705.jpg,438,42,60,83,7143
093693.jpg,128,20,68,94,7143
093780.jpg,186,170,234,324,7143
098713.jpg,55,51,252,349,7143
103383.jpg,256,27,127,176,7143
107341.jpg,260,59,135,187,7143
114407.jpg,107,50,65,90,7143
129792.jpg,94,99,138,191,7143
138595.jpg,355,50,101,140,7143
142515.jpg,145,30,68,94,7143
157509.jpg,70,65,161,223,7143
158826.jpg,74,73,70,97,7143
161801.jpg,171,32,65,90,7143
002378.jpg,176,91,216,299,4582
007471.jpg,153,77,218,302,4582
007775.jpg,225,78,179,248,4582
014662.jpg,144,23,153,212,4582
018690.jpg,145,136,387,536,4582
035291.jpg,206,74,125,173,4582
036926.jpg,164,160,299,414,4582
054405.jpg,340,86,133,184,4582
066549.jpg,135,120,133,184,4582
071557.jpg,74,46,169,234,4582
081362.jpg,183,77,146,202,4582
085538.jpg,135,34,156,216,4582
086207.jpg,29,215,239,331,4582
087698.jpg,195,57,161,223,4582
088699.jpg,124,71,250,346,4582
088756.jpg,162,68,133,184,4582
089756.jpg,248,56,198,274,4582
093624.jpg,201,95,78,108,4582
099451.jpg,163,131,148,205,4582
110303.jpg,175,146,148,205,4582
112208.jpg,191,73,190,263,4582
114190.jpg,95,57,182,252,4582
116421.jpg,229,192,153,212,4582
125752.jpg,112,64,195,270,4582
147991.jpg,327,77,117,162,4582
152399.jpg,160,52,140,194,4582
153435.jpg,70,30,120,166,4582
158385.jpg,253,46,164,227,4582
160590.jpg,151,58,138,191,4582
160946.jpg,130,93,156,216,4582
002483.jpg,384,31,125,173,2301
002515.jpg,98,43,88,122,2301
003159.jpg,112,78,117,162,2301
007311.jpg,155,19,177,245,2301
014989.jpg,63,34,88,122,2301
021372.jpg,94,74,252,349,2301
033307.jpg,135,132,270,374,2301
037925.jpg,80,4,81,112,2301
038537.jpg,90,20,94,130,2301
066860.jpg,67,24,78,108,2301
068366.jpg,325,141,75,104,2301
079331.jpg,84,23,109,151,2301
082265.jpg,57,31,109,151,2301
088556.jpg,65,105,247,295,2301
093826.jpg,44,22,68,94,2301
107209.jpg,53,45,140,194,2301
111909.jpg,1,24,190,259,2301
112575.jpg,167,67,156,216,2301
116444.jpg,301,199,68,94,2301
118211.jpg,8,30,73,101,2301
119382.jpg,105,1,130,180,2301
120827.jpg,41,61,185,256,2301
123084.jpg,92,22,91,126,2301
128708.jpg,225,12,91,126,2301
132252.jpg,278,98,179,248,2301
132596.jpg,234,87,192,266,2301
137825.jpg,98,45,65,90,2301
152358.jpg,97,81,304,421,2301
156507.jpg,251,4,195,270,2301
158762.jpg,101,46,122,169,2301
002622.jpg,69,91,224,310,7418
003871.jpg,156,47,125,173,7418
015450.jpg,63,23,81,112,7418
022520.jpg,84,48,120,166,7418
023397.jpg,205,115,88,122,7418
026918.jpg,38,93,260,304,7418
033513.jpg,160,44,166,230,7418
037000.jpg,109,114,195,270,7418
038204.jpg,105,103,234,324,7418
041541.jpg,35,43,94,130,7418
044898.jpg,76,72,140,194,7418
049192.jpg,245,79,135,187,7418
053320.jpg,99,126,190,263,7418
053606.jpg,127,25,47,65,7418
054748.jpg,95,44,151,209,7418
054891.jpg,199,72,57,79,7418
060200.jpg,84,48,120,166,7418
072004.jpg,104,45,68,94,7418
081333.jpg,89,126,265,367,7418
095204.jpg,47,47,75,104,7418
107232.jpg,21,62,127,176,7418
116278.jpg,436,132,179,248,7418
118401.jpg,104,77,239,331,7418
121257.jpg,183,63,88,122,7418
129397.jpg,196,60,44,61,7418
136798.jpg,70,49,143,198,7418
138700.jpg,2,52,88,122,7418
139191.jpg,64,66,75,104,7418
140622.jpg,20,43,81,112,7418
156889.jpg,126,243,341,472,7418
002692.jpg,264,100,140,194,6988
003935.jpg,113,129,172,238,6988
012516.jpg,105,90,174,241,6988
013266.jpg,128,118,190,263,6988
022356.jpg,197,138,91,126,6988
026131.jpg,82,47,122,169,6988
029735.jpg,198,71,213,295,6988
035548.jpg,109,62,143,198,6988
041754.jpg,142,129,109,151,6988
057284.jpg,93,112,187,259,6988
070642.jpg,136,102,229,317,6988
075130.jpg,76,33,114,158,6988
075683.jpg,124,113,166,230,6988
092346.jpg,171,139,153,212,6988
109099.jpg,95,99,260,360,6988
114449.jpg,129,146,195,270,6988
118653.jpg,134,147,208,288,6988
123434.jpg,111,71,125,173,6988
125575.jpg,145,57,127,176,6988
128720.jpg,161,127,237,328,6988
139920.jpg,194,96,96,133,6988
144537.jpg,172,110,148,205,6988
146748.jpg,123,104,151,209,6988
147305.jpg,167,118,140,194,6988
149446.jpg,63,79,231,320,6988
152128.jpg,142,73,133,184,6988
152482.jpg,124,201,135,187,6988
156089.jpg,155,151,182,252,6988
158093.jpg,216,75,211,292,6988
158819.jpg,126,94,112,155,6988
002833.jpg,190,59,101,140,6161
023724.jpg,134,48,114,158,6161
029807.jpg,101,59,109,151,6161
030280.jpg,266,55,234,324,6161
033492.jpg,89,42,70,97,6161
039324.jpg,101,32,101,140,6161
040106.jpg,140,67,244,338,6161
040659.jpg,287,83,151,209,6161
042731.jpg,247,66,195,270,6161
044315.jpg,159,142,286,396,6161
045390.jpg,139,80,112,155,6161
049393.jpg,79,70,185,256,6161
050272.jpg,114,44,101,140,6161
055133.jpg,122,86,260,360,6161
055472.jpg,106,53,73,101,6161
059512.jpg,149,34,109,151,6161
062640.jpg,256,146,255,353,6161
082531.jpg,85,12,146,202,6161
084202.jpg,110,104,211,292,6161
103520.jpg,181,58,148,205,6161
106130.jpg,167,77,153,212,6161
106635.jpg,239,89,192,266,6161
113952.jpg,214,79,140,194,6161
122068.jpg,190,77,205,284,6161
122419.jpg,268,68,208,288,6161
138230.jpg,144,87,296,410,6161
148832.jpg,234,101,177,245,6161
150920.jpg,112,69,83,115,6161
151084.jpg,234,67,265,367,6161
154406.jpg,204,71,177,245,6161
002864.jpg,162,71,96,133,5334
014107.jpg,93,160,169,234,5334
030442.jpg,176,86,114,158,5334
037875.jpg,92,157,364,480,5334
045088.jpg,161,165,148,205,5334
048506.jpg,134,54,86,119,5334
064772.jpg,102,187,213,295,5334
068355.jpg,162,136,216,299,5334
069773.jpg,105,137,159,220,5334
072868.jpg,121,112,172,238,5334
073061.jpg,267,82,143,198,5334
074528.jpg,102,129,117,162,5334
077081.jpg,167,114,239,331,5334
085000.jpg,134,46,143,198,5334
085887.jpg,128,122,164,227,5334
086708.jpg,193,103,255,353,5334
090254.jpg,101,71,146,202,5334
099710.jpg,132,122,133,184,5334
100055.jpg,160,85,117,162,5334
101008.jpg,192,141,250,346,5334
106717.jpg,125,81,229,317,5334
115005.jpg,98,118,208,288,5334
118356.jpg,135,52,130,180,5334
121033.jpg,69,134,229,317,5334
123853.jpg,133,106,146,202,5334
131000.jpg,83,104,213,295,5334
145908.jpg,143,110,169,234,5334
152916.jpg,259,63,151,209,5334
159272.jpg,65,108,242,335,5334
160485.jpg,160,83,120,166,5334
002993.jpg,142,31,211,292,7209
005840.jpg,87,72,101,140,7209
007983.jpg,218,38,117,162,7209
013036.jpg,64,42,86,119,7209
021671.jpg,288,72,117,162,7209
026778.jpg,92,117,239,331,7209
029658.jpg,189,97,346,437,7209
033091.jpg,122,189,122,169,7209
033771.jpg,425,54,187,259,7209
038346.jpg,33,52,138,191,7209
038471.jpg,165,140,143,198,7209
047221.jpg,110,101,218,302,7209
063450.jpg,122,118,164,227,7209
069547.jpg,143,94,294,407,7209
076165.jpg,135,97,151,209,7209
078028.jpg,146,28,83,115,7209
078897.jpg,84,33,86,119,7209
084430.jpg,128,78,78,108,7209
090789.jpg,73,66,125,173,7209
092983.jpg,125,76,81,112,7209
098035.jpg,177,40,94,130,7209
103433.jpg,205,103,250,346,7209
118670.jpg,106,20,96,133,7209
118701.jpg,44,83,133,184,7209
129822.jpg,125,1,278,385,7209
131880.jpg,92,119,109,151,7209
137960.jpg,166,30,159,220,7209
148412.jpg,32,66,96,133,7209
155026.jpg,53,53,166,230,7209
160613.jpg,277,45,143,198,7209
003078.jpg,131,49,86,119,3643
010464.jpg,27,76,143,198,3643
010605.jpg,74,33,70,97,3643
024262.jpg,250,35,143,198,3643
029747.jpg,16,68,133,184,3643
036584.jpg,187,49,172,238,3643
037489.jpg,65,84,109,151,3643
041590.jpg,243,34,127,176,3643
042905.jpg,224,31,120,166,3643
049573.jpg,210,72,104,144,3643
050722.jpg,25,72,96,133,3643
051606.jpg,72,39,94,130,3643
065927.jpg,24,129,122,169,3643
068376.jpg,119,30,148,205,3643
076219.jpg,22,58,203,281,3643
076757.jpg,88,54,68,94,3643
078684.jpg,121,109,172,238,3643
085054.jpg,3,108,151,209,3643
090228.jpg,59,70,135,187,3643
092919.jpg,6,54,216,299,3643
101258.jpg,105,33,104,144,3643
103224.jpg,3,57,143,194,3643
106986.jpg,69,76,75,104,3643
113358.jpg,79,24,75,104,3643
120178.jpg,221,113,198,274,3643
123654.jpg,163,119,239,331,3643
140246.jpg,361,106,75,104,3643
148929.jpg,135,49,94,130,3643
149759.jpg,315,46,117,162,3643
161209.jpg,318,61,70,97,3643
003096.jpg,115,36,68,94,2168
012997.jpg,113,60,179,248,2168
015473.jpg,150,1,140,194,2168
020260.jpg,79,54,174,241,2168
023212.jpg,145,103,151,209,2168
025908.jpg,142,42,216,299,2168
033465.jpg,355,32,127,176,2168
060486.jpg,259,73,205,284,2168
072181.jpg,217,36,234,324,2168
072650.jpg,125,57,185,256,2168
075875.jpg,125,57,185,256,2168
079931.jpg,192,153,390,444,2168
081196.jpg,123,40,174,241,2168
084577.jpg,161,81,65,90,2168
091855.jpg,81,186,169,234,2168
099327.jpg,220,30,138,191,2168
119832.jpg,264,44,130,180,2168
121182.jpg,355,32,127,176,2168
124350.jpg,303,112,135,187,2168
133432.jpg,79,138,151,209,2168
136241.jpg,207,21,256,389,2168
139173.jpg,270,126,114,158,2168
140287.jpg,76,97,260,360,2168
140985.jpg,159,50,205,284,2168
141945.jpg,162,67,304,386,2168
144915.jpg,85,68,91,126,2168
145023.jpg,118,43,192,253,2168
158642.jpg,35,29,75,104,2168
160519.jpg,66,53,336,444,2168
161436.jpg,249,52,130,180,2168
003103.jpg,89,11,130,180,6087
005252.jpg,98,69,185,256,6087
014058.jpg,85,127,75,104,6087
016217.jpg,94,75,270,374,6087
017197.jpg,88,111,211,292,6087
018385.jpg,172,145,307,425,6087
034621.jpg,124,111,146,202,6087
039320.jpg,146,66,120,166,6087
049989.jpg,131,51,185,256,6087
059110.jpg,125,126,289,400,6087
059161.jpg,403,182,255,353,6087
061133.jpg,41,72,81,112,6087
062859.jpg,95,104,247,342,6087
073103.jpg,193,77,122,169,6087
078713.jpg,60,52,182,252,6087
078888.jpg,149,91,179,248,6087
095064.jpg,90,116,260,360,6087
104154.jpg,110,207,127,176,6087
107954.jpg,122,34,317,439,6087
120420.jpg,276,119,83,115,6087
121209.jpg,29,46,88,122,6087
123608.jpg,101,38,88,122,6087
125208.jpg,100,62,112,155,6087
138947.jpg,91,17,107,148,6087
139548.jpg,195,113,205,284,6087
139985.jpg,61,98,156,216,6087
141038.jpg,57,55,94,130,6087
145483.jpg,202,86,156,216,6087
154631.jpg,165,65,81,112,6087
160020.jpg,149,91,179,248,6087
003177.jpg,12,22,73,101,8850
014474.jpg,27,46,81,112,8850
031373.jpg,59,95,107,148,8850
033999.jpg,228,51,107,148,8850
048983.jpg,60,30,73,101,8850
057037.jpg,30,68,73,101,8850
057533.jpg,160,81,195,270,8850
064789.jpg,75,37,125,173,8850
071757.jpg,32,48,83,115,8850
081529.jpg,55,15,130,180,8850
087083.jpg,41,54,146,202,8850
087411.jpg,101,61,96,133,8850
088240.jpg,17,52,65,90,8850
091966.jpg,37,41,99,137,8850
094407.jpg,29,38,125,173,8850
097769.jpg,32,51,78,108,8850
103416.jpg,13,75,143,198,8850
107289.jpg,89,51,125,173,8850
112427.jpg,54,37,91,126,8850
113141.jpg,55,61,159,220,8850
114039.jpg,83,44,94,130,8850
120322.jpg,38,68,143,198,8850
120987.jpg,40,37,62,86,8850
123841.jpg,35,58,120,166,8850
124449.jpg,20,39,107,148,8850
129583.jpg,68,55,99,137,8850
144542.jpg,102,26,109,141,8850
153382.jpg,73,41,99,137,8850
156664.jpg,52,44,107,148,8850
156792.jpg,84,53,112,155,8850
003194.jpg,156,96,81,112,7632
003318.jpg,150,55,114,158,7632
006287.jpg,220,119,86,119,7632
019977.jpg,114,101,244,338,7632
021682.jpg,97,24,198,274,7632
055519.jpg,60,42,88,122,7632
064336.jpg,152,55,146,202,7632
073102.jpg,213,1,377,435,7632
073160.jpg,66,109,322,446,7632
080191.jpg,85,67,218,302,7632
086502.jpg,299,80,94,130,7632
099063.jpg,138,89,127,176,7632
102961.jpg,90,68,109,151,7632
104576.jpg,53,40,83,115,7632
111340.jpg,55,51,99,137,7632
112621.jpg,207,114,120,166,7632
113582.jpg,47,53,125,173,7632
114425.jpg,95,138,179,248,7632
116914.jpg,172,35,122,169,7632
117727.jpg,43,65,325,450,7632
118285.jpg,60,32,86,119,7632
119733.jpg,51,57,127,176,7632
125676.jpg,115,70,231,320,7632
126726.jpg,198,52,239,331,7632
129879.jpg,156,65,221,306,7632
135988.jpg,128,113,125,173,7632
138043.jpg,218,41,117,162,7632
140039.jpg,237,45,88,122,7632
156225.jpg,52,77,278,385,7632
159170.jpg,77,60,55,76,7632
003248.jpg,174,93,73,101,2243
003869.jpg,260,32,94,130,2243
004686.jpg,267,83,112,155,2243
009476.jpg,156,87,101,140,2243
024081.jpg,124,70,159,220,2243
024641.jpg,105,71,268,371,2243
025627.jpg,169,52,122,169,2243
027949.jpg,310,75,148,205,2243
030366.jpg,91,74,164,227,2243
032373.jpg,202,89,86,119,2243
038358.jpg,192,69,151,209,2243
044222.jpg,275,91,237,328,2243
046273.jpg,179,104,151,209,2243
056324.jpg,213,76,182,252,2243
057259.jpg,256,68,122,169,2243
061973.jpg,196,30,247,342,2243
066646.jpg,160,165,278,385,2243
067361.jpg,132,9,179,248,2243
076062.jpg,159,125,83,115,2243
086194.jpg,200,37,78,108,2243
089975.jpg,299,165,101,140,2243
097155.jpg,217,66,88,122,2243
097936.jpg,172,86,78,108,2243
098890.jpg,215,99,198,274,2243
110380.jpg,101,82,151,209,2243
113940.jpg,301,61,125,173,2243
129158.jpg,187,58,81,112,2243
131895.jpg,143,106,151,209,2243
133250.jpg,183,38,96,133,2243
146126.jpg,232,71,143,198,2243
003271.jpg,165,40,195,270,2520
005544.jpg,67,183,341,472,2520
015456.jpg,68,90,146,202,2520
022896.jpg,151,81,133,184,2520
026319.jpg,26,59,185,256,2520
044977.jpg,301,87,172,238,2520
045427.jpg,229,50,138,191,2520
045959.jpg,155,35,96,133,2520
049387.jpg,231,6,174,241,2520
049616.jpg,176,56,156,216,2520
057132.jpg,112,195,341,472,2520
058322.jpg,156,30,166,230,2520
072910.jpg,66,18,86,119,2520
081363.jpg,151,42,153,212,2520
098244.jpg,45,57,94,130,2520
100819.jpg,152,39,68,94,2520
104887.jpg,140,1,216,299,2520
109142.jpg,299,21,122,169,2520
114320.jpg,132,74,99,137,2520
114537.jpg,79,57,182,252,2520
116986.jpg,23,68,120,166,2520
121046.jpg,249,7,153,212,2520
121770.jpg,3,74,153,212,2520
126972.jpg,71,65,172,238,2520
128402.jpg,229,50,153,212,2520
132392.jpg,181,10,273,378,2520
136950.jpg,19,26,138,191,2520
138981.jpg,60,42,91,126,2520
139218.jpg,155,86,216,299,2520
157358.jpg,100,117,216,299,2520
003357.jpg,137,39,109,151,9685
009033.jpg,91,76,203,281,9685
013085.jpg,150,42,169,234,9685
014969.jpg,136,14,182,241,9685
016192.jpg,170,32,174,241,9685
030662.jpg,41,28,161,223,9685
036544.jpg,176,107,86,119,9685
036834.jpg,138,49,187,259,9685
050899.jpg,165,39,146,202,9685
052624.jpg,206,22,416,525,9685
056331.jpg,21,47,151,209,9685
063156.jpg,96,23,107,148,9685
067683.jpg,152,20,151,209,9685
076163.jpg,196,96,224,310,9685
076184.jpg,172,6,146,202,9685
078948.jpg,25,19,304,421,9685
095735.jpg,125,28,161,195,9685
099219.jpg,53,70,146,202,9685
101913.jpg,96,42,135,187,9685
115573.jpg,172,38,153,212,9685
116457.jpg,170,58,166,230,9685
121478.jpg,154,53,109,151,9685
123262.jpg,85,62,185,256,9685
130268.jpg,186,78,221,306,9685
133779.jpg,105,15,322,432,9685
140384.jpg,187,84,257,356,9685
142372.jpg,116,45,234,324,9685
143200.jpg,100,39,101,140,9685
153521.jpg,82,16,83,115,9685
155107.jpg,214,17,146,202,9685
003601.jpg,54,38,57,79,4265
006895.jpg,127,25,70,97,4265
009546.jpg,119,73,94,130,4265
013200.jpg,118,117,138,191,4265
015037.jpg,111,25,57,79,4265
030428.jpg,56,58,78,108,4265
036532.jpg,88,43,104,144,4265
039273.jpg,46,60,70,97,4265
055832.jpg,143,98,65,90,4265
057544.jpg,56,47,86,119,4265
060526.jpg,37,60,68,94,4265
061466.jpg,64,46,68,94,4265
071368.jpg,86,103,109,151,4265
077290.jpg,95,139,203,281,4265
086013.jpg,182,56,218,302,4265
096165.jpg,31,74,156,216,4265
097863.jpg,61,53,78,108,4265
099165.jpg,79,91,99,137,4265
099698.jpg,62,115,117,162,4265
099913.jpg,56,52,83,115,4265
107631.jpg,32,67,52,72,4265
120071.jpg,74,50,44,61,4265
125768.jpg,42,70,68,94,4265
126368.jpg,22,53,75,104,4265
127510.jpg,47,50,55,76,4265
127831.jpg,42,19,73,101,4265
128272.jpg,62,68,70,97,4265
133134.jpg,78,42,104,144,4265
134467.jpg,73,43,83,115,4265
140333.jpg,59,89,107,148,4265
003679.jpg,114,69,135,187,6558
007126.jpg,171,89,109,151,6558
007525.jpg,51,83,260,360,6558
017667.jpg,94,63,172,238,6558
018899.jpg,122,100,255,353,6558
026502.jpg,135,120,270,374,6558
039321.jpg,184,60,169,234,6558
042896.jpg,107,110,237,328,6558
047127.jpg,85,95,242,335,6558
053757.jpg,105,85,260,360,6558
057257.jpg,113,75,195,270,6558
063160.jpg,187,53,234,324,6558
068032.jpg,173,66,96,133,6558
073629.jpg,84,97,250,346,6558
084667.jpg,115,96,203,281,6558
085619.jpg,131,147,289,400,6558
088370.jpg,170,58,114,158,6558
094901.jpg,201,90,341,472,6558
096198.jpg,102,100,166,230,6558
100236.jpg,46,106,502,673,6558
100584.jpg,125,138,224,310,6558
111662.jpg,140,47,130,198,6558
116583.jpg,129,88,179,248,6558
120239.jpg,218,100,190,263,6558
124027.jpg,95,61,174,241,6558
125219.jpg,177,80,229,317,6558
125264.jpg,114,121,304,421,6558
132328.jpg,156,84,213,295,6558
133941.jpg,146,93,166,230,6558
147235.jpg,115,81,234,324,6558
003737.jpg,32,29,91,126,6417
009282.jpg,123,41,166,230,6417
011694.jpg,281,29,120,166,6417
012186.jpg,125,44,140,194,6417
014207.jpg,203,25,140,194,6417
015329.jpg,104,30,109,151,6417
024082.jpg,166,22,81,112,6417
034385.jpg,193,47,161,223,6417
046053.jpg,116,37,104,144,6417
054700.jpg,27,27,104,144,6417
054884.jpg,201,37,179,248,6417
059203.jpg,187,83,112,155,6417
059437.jpg,58,41,68,94,6417
062082.jpg,71,40,114,158,6417
063878.jpg,108,73,159,220,6417
072879.jpg,84,20,120,166,6417
076095.jpg,177,55,164,227,6417
077566.jpg,99,65,143,198,6417
080012.jpg,113,59,127,176,6417
081005.jpg,37,30,130,180,6417
085850.jpg,94,81,133,184,6417
090102.jpg,75,39,94,130,6417
113156.jpg,136,41,96,133,6417
122095.jpg,175,123,195,270,6417
136479.jpg,129,22,117,162,6417
145565.jpg,313,83,179,248,6417
149861.jpg,109,14,75,104,6417
155799.jpg,100,11,114,158,6417
158012.jpg,18,41,91,126,6417
162347.jpg,153,79,138,191,6417
003743.jpg,94,89,187,259,2844
008351.jpg,149,48,159,220,2844
008661.jpg,134,95,185,256,2844
008913.jpg,117,61,151,209,2844
017818.jpg,182,31,182,252,2844
017932.jpg,148,120,203,281,2844
032283.jpg,101,123,205,284,2844
038523.jpg,120,77,198,274,2844
040378.jpg,122,110,179,248,2844
042823.jpg,135,55,146,202,2844
048493.jpg,506,39,174,241,2844
050673.jpg,86,116,182,252,2844
054759.jpg,129,61,231,320,2844
063502.jpg,128,93,205,284,2844
074296.jpg,139,110,198,274,2844
074646.jpg,96,121,172,238,2844
076682.jpg,80,86,216,299,2844
080003.jpg,127,69,122,169,2844
082131.jpg,138,88,164,227,2844
084057.jpg,133,113,205,284,2844
088436.jpg,158,115,177,245,2844
089283.jpg,167,109,208,288,2844
093748.jpg,103,79,166,230,2844
116503.jpg,90,39,432,598,2844
123298.jpg,163,95,280,454,2844
123922.jpg,137,57,117,162,2844
125291.jpg,92,65,195,270,2844
132705.jpg,96,124,286,396,2844
147428.jpg,205,64,138,191,2844
157985.jpg,104,68,190,263,2844
003751.jpg,113,57,114,158,1279
008688.jpg,177,66,114,158,1279
010328.jpg,77,50,120,166,1279
012492.jpg,51,48,107,148,1279
023365.jpg,58,49,140,194,1279
031960.jpg,408,55,127,176,1279
037047.jpg,46,114,325,450,1279
039431.jpg,105,38,75,104,1279
043386.jpg,62,42,112,155,1279
056840.jpg,78,78,130,180,1279
064196.jpg,99,72,120,166,1279
070664.jpg,101,30,86,119,1279
075820.jpg,36,79,195,270,1279
076818.jpg,181,40,86,119,1279
079572.jpg,105,34,81,112,1279
083310.jpg,145,94,192,266,1279
088427.jpg,82,81,190,263,1279
089785.jpg,89,64,112,155,1279
090305.jpg,80,28,81,112,1279
095195.jpg,168,79,156,216,1279
111238.jpg,306,108,166,230,1279
118796.jpg,82,30,127,176,1279
119058.jpg,215,155,112,155,1279
121066.jpg,63,43,140,194,1279
123717.jpg,229,61,156,216,1279
125433.jpg,48,29,130,180,1279
129105.jpg,210,54,177,245,1279
139747.jpg,62,93,294,407,1279
148342.jpg,90,35,88,122,1279
152205.jpg,73,27,68,94,1279
003847.jpg,85,26,161,223,3312
005261.jpg,38,19,203,278,3312
011026.jpg,95,125,143,198,3312
025157.jpg,50,52,75,104,3312
025512.jpg,291,66,60,83,3312
036157.jpg,205,97,130,180,3312
037309.jpg,133,95,122,169,3312
039859.jpg,104,137,182,252,3312
039878.jpg,206,17,94,130,3312
042425.jpg,32,19,203,281,3312
043670.jpg,72,126,216,299,3312
053470.jpg,126,63,99,137,3312
057197.jpg,229,83,138,191,3312
062615.jpg,89,58,169,234,3312
062936.jpg,77,140,237,328,3312
084147.jpg,175,122,200,277,3312
084473.jpg,90,154,179,248,3312
097613.jpg,245,40,101,140,3312
097891.jpg,186,112,195,270,3312
102794.jpg,101,40,96,133,3312
110549.jpg,164,118,146,202,3312
118164.jpg,76,148,216,299,3312
125984.jpg,87,70,221,306,3312
126806.jpg,12,113,268,371,3312
133176.jpg,113,78,104,144,3312
134631.jpg,124,45,94,130,3312
134759.jpg,65,132,237,328,3312
141082.jpg,72,26,114,158,3312
146887.jpg,198,107,234,324,3312
155623.jpg,96,31,52,72,3312
003978.jpg,156,74,122,169,1812
004826.jpg,1,40,135,187,1812
009957.jpg,54,59,205,284,1812
017679.jpg,131,35,101,140,1812
023385.jpg,118,50,229,317,1812
027900.jpg,78,113,221,306,1812
032066.jpg,49,68,273,378,1812
033574.jpg,112,38,187,259,1812
052691.jpg,147,79,127,176,1812
053810.jpg,36,94,281,349,1812
056361.jpg,114,48,151,209,1812
071853.jpg,245,88,151,209,1812
074452.jpg,7,106,200,277,1812
075204.jpg,152,79,138,191,1812
077278.jpg,188,76,185,256,1812
082956.jpg,238,27,164,227,1812
084242.jpg,49,68,205,284,1812
095566.jpg,90,114,169,234,1812
100127.jpg,129,53,146,202,1812
102762.jpg,25,27,127,176,1812
107212.jpg,187,102,161,223,1812
111840.jpg,87,1,237,328,1812
116843.jpg,165,52,122,169,1812
120581.jpg,254,1,161,223,1812
121571.jpg,126,28,185,256,1812
135694.jpg,244,34,120,166,1812
139478.jpg,92,46,78,108,1812
141597.jpg,161,85,96,133,1812
141880.jpg,215,87,146,202,1812
156403.jpg,104,29,130,180,1812
004152.jpg,9,34,208,288,8644
007578.jpg,146,67,226,313,8644
017920.jpg,230,53,125,173,8644
021735.jpg,156,25,122,169,8644
027367.jpg,106,1,164,227,8644
028088.jpg,180,87,208,288,8644
033074.jpg,141,90,215,299,8644
033527.jpg,123,96,200,277,8644
038498.jpg,198,27,151,209,8644
050499.jpg,206,48,255,353,8644
052202.jpg,98,100,273,378,8644
058226.jpg,21,52,179,248,8644
063886.jpg,106,98,229,317,8644
078418.jpg,55,127,148,205,8644
084728.jpg,264,84,112,155,8644
087540.jpg,141,116,99,137,8644
090629.jpg,79,38,252,349,8644
092762.jpg,250,80,255,353,8644
099349.jpg,154,71,177,245,8644
099656.jpg,131,47,179,248,8644
100265.jpg,182,76,133,184,8644
101776.jpg,48,31,78,108,8644
109396.jpg,116,66,122,169,8644
111699.jpg,189,64,146,202,8644
115342.jpg,125,83,200,277,8644
124506.jpg,149,62,177,245,8644
125012.jpg,74,43,127,176,8644
135478.jpg,49,111,252,349,8644
142382.jpg,182,57,229,317,8644
155840.jpg,72,64,156,216,8644
004293.jpg,50,13,75,104,1481
012254.jpg,39,88,260,360,1481
014947.jpg,193,180,166,230,1481
022372.jpg,135,30,146,202,1481
025864.jpg,104,59,143,198,1481
026450.jpg,77,27,83,115,1481
052090.jpg,37,31,55,76,1481
055005.jpg,92,122,153,212,1481
063073.jpg,44,86,260,360,1481
063807.jpg,207,49,109,151,1481
063820.jpg,173,27,114,158,1481
074726.jpg,71,61,70,97,1481
077213.jpg,88,31,62,86,1481
079440.jpg,127,89,268,371,1481
082670.jpg,37,55,230,338,1481
087927.jpg,215,55,60,83,1481
093687.jpg,263,94,88,122,1481
094912.jpg,113,94,172,238,1481
098430.jpg,1,78,229,317,1481
098553.jpg,37,50,117,162,1481
105849.jpg,84,38,62,86,1481
108098.jpg,237,16,130,180,1481
112004.jpg,118,48,104,144,1481
113213.jpg,152,62,221,306,1481
113401.jpg,77,131,270,374,1481
130423.jpg,166,101,143,198,1481
133391.jpg,162,60,135,187,1481
142925.jpg,88,57,133,184,1481
153846.jpg,232,62,125,173,1481
154375.jpg,203,114,86,119,1481
004312.jpg,235,94,190,263,10096
005736.jpg,298,43,146,202,10096
006949.jpg,143,98,99,137,10096
007356.jpg,152,87,164,227,10096
015876.jpg,23,48,68,94,10096
023275.jpg,314,103,179,248,10096
030843.jpg,191,26,205,284,10096
037542.jpg,152,48,112,155,10096
038546.jpg,260,47,146,202,10096
038734.jpg,136,23,122,169,10096
044075.jpg,166,38,166,211,10096
044641.jpg,58,22,122,169,10096
048572.jpg,47,25,78,108,10096
048717.jpg,89,26,93,133,10096
055178.jpg,321,76,237,328,10096
059153.jpg,27,58,120,166,10096
086283.jpg,40,46,252,318,10096
086962.jpg,330,47,161,223,10096
087417.jpg,178,59,138,191,10096
088190.jpg,65,32,49,68,10096
090631.jpg,69,33,81,112,10096
094545.jpg,169,136,255,353,10096
098625.jpg,222,116,174,241,10096
103942.jpg,44,26,156,188,10096
106594.jpg,97,25,60,83,10096
122739.jpg,72,129,257,356,10096
132065.jpg,287,101,166,320,10096
141670.jpg,237,68,94,130,10096
148960.jpg,252,63,273,378,10096
157257.jpg,176,52,88,122,10096
004469.jpg,133,91,192,266,7680
012910.jpg,104,78,195,270,7680
017109.jpg,13,59,133,184,7680
023628.jpg,159,59,140,194,7680
024128.jpg,101,49,112,155,7680
025033.jpg,125,47,104,144,7680
027388.jpg,11,45,88,122,7680
029962.jpg,71,121,283,392,7680
030145.jpg,63,21,70,97,7680
030245.jpg,29,33,91,126,7680
032415.jpg,75,44,57,79,7680
043512.jpg,35,54,91,126,7680
048392.jpg,40,46,81,112,7680
055081.jpg,90,55,208,288,7680
062283.jpg,125,61,91,126,7680
066741.jpg,147,59,96,133,7680
076097.jpg,76,34,75,104,7680
076994.jpg,1,24,81,112,7680
085344.jpg,48,39,47,65,7680
088489.jpg,75,12,49,68,7680
090086.jpg,99,49,44,61,7680
090857.jpg,153,147,296,410,7680
111059.jpg,42,48,99,137,7680
119950.jpg,154,111,273,378,7680
120449.jpg,83,34,127,176,7680
121147.jpg,89,32,78,108,7680
125215.jpg,126,32,146,202,7680
128310.jpg,89,35,127,176,7680
143402.jpg,21,38,47,65,7680
149781.jpg,51,36,166,230,7680
004536.jpg,168,70,112,155,4392
005901.jpg,85,44,120,166,4392
008742.jpg,127,97,203,281,4392
009549.jpg,95,38,78,108,4392
011353.jpg,34,62,148,205,4392
038247.jpg,253,75,179,248,4392
038865.jpg,230,60,130,180,4392
047212.jpg,94,91,104,144,4392
048324.jpg,73,44,86,119,4392
049369.jpg,86,119,192,266,4392
050847.jpg,105,58,86,119,4392
052644.jpg,66,42,94,130,4392
055391.jpg,41,52,107,148,4392
056901.jpg,142,193,372,515,4392
059937.jpg,283,83,133,184,4392
067171.jpg,128,99,205,284,4392
067730.jpg,90,132,283,392,4392
075400.jpg,150,101,185,256,4392
076229.jpg,111,48,101,140,4392
093590.jpg,117,40,86,119,4392
094583.jpg,88,125,255,353,4392
119493.jpg,168,164,296,410,4392
125355.jpg,196,49,60,83,4392
133213.jpg,92,59,138,191,4392
141562.jpg,184,62,120,166,4392
142856.jpg,108,95,143,198,4392
146324.jpg,232,97,153,212,4392
148983.jpg,96,85,172,238,4392
158080.jpg,91,108,218,302,4392
158733.jpg,118,133,208,288,4392
004636.jpg,229,70,146,202,4910
011645.jpg,154,57,101,140,4910
031556.jpg,188,71,109,151,4910
042438.jpg,107,7,81,112,4910
043024.jpg,224,44,122,169,4910
054794.jpg,30,75,161,223,4910
056157.jpg,303,67,112,155,4910
060228.jpg,222,37,200,277,4910
061048.jpg,131,92,112,155,4910
062094.jpg,82,38,237,328,4910
063581.jpg,258,25,172,238,4910
064490.jpg,237,59,140,194,4910
064629.jpg,189,40,140,194,4910
072345.jpg,129,142,333,461,4910
074779.jpg,287,70,164,227,4910
085607.jpg,142,48,101,140,4910
095123.jpg,144,52,125,173,4910
111511.jpg,194,49,107,148,4910
116736.jpg,150,59,114,158,4910
118571.jpg,229,54,109,151,4910
120379.jpg,129,142,333,461,4910
121774.jpg,144,54,83,115,4910
135037.jpg,362,21,96,133,4910
141030.jpg,317,116,140,194,4910
141557.jpg,196,103,83,115,4910
145488.jpg,130,59,117,162,4910
149693.jpg,169,31,159,220,4910
150269.jpg,157,113,135,187,4910
158565.jpg,254,48,109,151,4910
162378.jpg,172,81,221,306,4910
005218.jpg,169,45,65,90,5656
006338.jpg,125,50,96,133,5656
018535.jpg,99,118,187,259,5656
028909.jpg,47,11,200,277,5656
031964.jpg,109,21,75,104,5656
033056.jpg,301,52,122,169,5656
037435.jpg,201,132,216,299,5656
041543.jpg,211,88,140,194,5656
046007.jpg,160,68,70,97,5656
049175.jpg,129,86,107,148,5656
066888.jpg,97,95,187,259,5656
069862.jpg,399,39,192,266,5656
070348.jpg,117,62,205,284,5656
084744.jpg,139,43,101,140,5656
097431.jpg,89,11,135,187,5656
097846.jpg,135,66,218,302,5656
098436.jpg,219,7,156,216,5656
108106.jpg,66,128,231,320,5656
110829.jpg,143,59,143,198,5656
116525.jpg,160,59,99,137,5656
120391.jpg,181,89,177,245,5656
128999.jpg,305,53,88,122,5656
131371.jpg,113,23,57,79,5656
140081.jpg,71,51,216,299,5656
143267.jpg,129,4,224,310,5656
148905.jpg,104,113,169,234,5656
150700.jpg,68,105,234,324,5656
151313.jpg,194,55,226,313,5656
152610.jpg,103,138,179,248,5656
156106.jpg,134,74,138,191,5656
005230.jpg,138,33,60,83,1209
006681.jpg,159,25,166,230,1209
007101.jpg,93,39,60,83,1209
013595.jpg,64,18,211,292,1209
020766.jpg,39,17,151,209,1209
022828.jpg,188,15,120,166,1209
042155.jpg,217,64,81,112,1209
044488.jpg,43,24,211,292,1209
050858.jpg,279,106,91,126,1209
056457.jpg,200,62,174,241,1209
061809.jpg,32,15,138,191,1209
063531.jpg,84,54,94,130,1209
070137.jpg,311,61,135,187,1209
070681.jpg,165,90,94,130,1209
079410.jpg,179,11,148,205,1209
080036.jpg,18,42,135,187,1209
080453.jpg,206,1,174,241,1209
088313.jpg,179,89,179,248,1209
092252.jpg,390,71,107,148,1209
096882.jpg,80,50,107,148,1209
106467.jpg,186,117,94,130,1209
110599.jpg,112,46,166,230,1209
137022.jpg,92,96,211,292,1209
137208.jpg,222,45,169,234,1209
143265.jpg,56,122,75,104,1209
144158.jpg,171,45,205,284,1209
148640.jpg,161,17,172,238,1209
149943.jpg,269,17,101,140,1209
152763.jpg,155,1,205,284,1209
153572.jpg,44,13,86,119,1209
